,Conditional FD from ['m1'] to m0,"Conditional FD from ['m1', 'm2', 'm3', 'm4'] to m0","Conditional FD from ['m1', 'm2', 'm3'] to m0","Conditional FD from ['m1', 'm2'] to m0",missing_ratio,keep_incomplete,Model
20,179.68532924922425,175.7298288713294,178.36194157037215,178.538620457056,0.5,True,MMVAE
21,184.5550661816567,180.4785620363726,182.797204873796,185.0594509162187,0.5,True,MMVAE
22,180.9936342124903,174.50785980793125,176.20823245488214,178.09891248844497,0.5,True,MMVAE
23,178.63823803718998,172.37309024673414,174.7153068117163,175.5920171102697,0.5,True,MMVAE
24,180.73528369297088,180.79701000691904,181.33146503954097,181.20405521219925,0.2,True,MMVAE
25,180.1259213726322,178.8125089246819,178.20272131589053,180.11731605517306,0.2,True,MMVAE
26,183.2423198315296,181.77910498643047,181.89865267287692,183.5440467010867,0.2,True,MMVAE
27,186.2773150929518,183.40182817005396,185.27166648211912,185.1422373079367,0.2,True,MMVAE
28,167.4426549123677,179.42273307059938,180.29903205477092,185.71813747542305,0.5,False,JNFDcca
29,156.27739983443027,162.74827506676402,163.03554136733158,166.0762492732353,0.5,False,JNFDcca
30,169.43891091885442,182.1427160271802,178.948382561054,179.6675740477421,0.5,False,JNFDcca
31,174.24366520596692,171.77770528783535,172.42502442262844,177.61465665369903,0.5,False,JNFDcca
44,92.10003328931184,98.93162867378815,93.62014597185885,90.21291913874468,0.2,False,JNFDcca
45,106.94938605992604,117.1318222925118,112.45013365271512,108.31170335801164,0.2,False,JNFDcca
46,101.61908163591846,115.80648170031134,108.5719196657392,101.3818890642358,0.2,False,JNFDcca
47,94.20675813973548,107.07395217007132,99.13172346857716,94.74166094026047,0.2,False,JNFDcca
48,96.1029328280348,115.13801107128496,107.0779426561462,97.9954238416256,0.0,False,JNFDcca
49,107.8750661050102,130.2045385889735,119.59684952557213,108.1622482339177,0.0,False,JNFDcca
50,104.8017145767949,113.62167459452512,107.04244612607648,103.65560061145072,0.0,False,JNFDcca
51,107.77502337463204,119.07127309410566,113.38364991941056,108.96532531916472,0.0,False,JNFDcca
52,176.24442526698178,175.66325989639196,172.67706108231118,171.42272060626132,0.5,False,JNF
53,174.88746624728057,184.40129424506776,183.79846907703148,185.7160679664972,0.5,False,JNF
54,166.1497340400071,171.86963257488654,170.35007539002805,171.862414518026,0.5,False,JNF
55,169.30234797848155,176.21754282452497,175.6210245412962,177.89869346066098,0.5,False,JNF
56,98.695687551415,104.95789855994737,100.8223287238834,98.41104085875924,0.2,False,JNF
57,107.86716837543617,127.858919708572,121.05881028068391,113.8476847423907,0.2,False,JNF
58,95.7768755979393,114.90445571307448,106.52056404385904,100.93354209227527,0.2,False,JNF
59,89.3982896038251,97.69434717373343,94.05494559122462,92.44752246934672,0.2,False,JNF
60,95.73222968886648,111.7514195700553,105.03261942309666,99.6955164902082,0.0,False,JNF
61,116.87115603833206,128.50853567471864,126.61115079956974,121.70699732752246,0.0,False,JNF
62,97.74295903551972,129.87185009219553,114.98718735179555,100.42698012569042,0.0,False,JNF
63,96.3165591100555,118.59898411774408,106.75457078470237,97.06088645459216,0.0,False,JNF
64,251.2340284248428,254.50699020714003,254.1601008079295,252.8475369130693,0.5,False,MMVAE
65,260.0505266587978,259.229942478581,259.4769009074494,259.9922041367423,0.5,False,MMVAE
66,264.7551244194059,263.55554749322823,262.78392093754394,264.1497848706946,0.5,False,MMVAE
67,270.15992695636027,268.6705320599504,269.0440451875213,268.810704634754,0.5,False,MMVAE
68,185.4787739411684,184.34460954202416,185.0124369832722,185.6748606785101,0.2,False,MMVAE
69,192.8632853861359,191.2635188640712,193.60346162602588,194.50663297794483,0.2,False,MMVAE
70,182.48465349351395,181.72782837035032,181.2885030896801,182.689070605439,0.2,False,MMVAE
71,196.83407152786256,193.1415387348036,193.77555196589412,195.2989159709365,0.2,False,MMVAE
72,195.79172621067127,189.6197134091985,192.2335524523358,194.0896749243801,0.0,False,MMVAE
73,187.86940831979047,187.24171618323737,187.1793436904428,187.13619501866788,0.0,False,MMVAE
74,192.16893934342897,190.99200169620352,190.8312910772179,191.54595089655123,0.0,False,MMVAE
75,187.8852900849469,186.210901474501,186.73786325549133,188.6855892220435,0.0,False,MMVAE
76,173.9804475298776,184.0746369471541,178.13891641269532,168.82533015711715,0.5,False,MVTCAE
77,204.1120657794584,216.10266295216093,210.64608676639244,202.66337158916008,0.5,False,MVTCAE
78,169.65353614902148,179.81999435025958,173.89736589989093,166.02416152050472,0.5,False,MVTCAE
79,209.70268412027667,220.5307568151302,212.68078207686537,207.48652352646363,0.5,False,MVTCAE
80,81.06917910196933,142.18855876557188,125.39758561170449,103.68355325914,0.5,True,MVTCAE
81,90.1725953067978,151.82357512728666,133.64903472182652,112.502436937219,0.5,True,MVTCAE
82,84.04557070760092,140.67360012327754,124.9117463215511,104.83944903093015,0.5,True,MVTCAE
83,79.01750791147202,138.82046978940582,124.49784708522697,103.3765001577537,0.5,True,MVTCAE
84,91.7201670551304,120.04943131441844,109.90330267085444,98.44308195025428,0.2,False,MVTCAE
85,97.34880072013324,136.09823334785648,122.36581541880736,107.97099072066383,0.2,False,MVTCAE
86,98.32638609213508,136.23019823028756,121.95348616100271,108.6139113146163,0.2,False,MVTCAE
87,90.09416038676191,127.53156888873308,113.7094741776445,99.7598939659572,0.2,False,MVTCAE
88,70.91506375680206,125.96881753621778,110.71262304183062,91.84974216321098,0.2,True,MVTCAE
89,81.48784198497867,136.0419816299472,119.62780890482172,101.2569414592657,0.2,True,MVTCAE
90,76.29553937258845,129.70579960213018,112.13557647593431,92.45971419517576,0.2,True,MVTCAE
91,86.46433440142766,137.54838364007594,119.552644675936,101.99293677037495,0.2,True,MVTCAE
92,71.11157971243853,111.15661050802665,98.62058096969236,83.94477778163429,0.0,False,MVTCAE
93,90.56287350566936,126.00268478303008,114.30488127220974,99.89973601752774,0.0,False,MVTCAE
94,77.94497609521466,117.65131136118008,106.37796475574204,88.61716646845167,0.0,False,MVTCAE
95,84.77392733771387,126.8301934864337,112.1195955221691,94.7515975015266,0.0,False,MVTCAE
96,247.1073603039412,243.67921592465552,241.60341952556857,244.23770849099492,0.5,False,MoPoE
97,213.84542381175123,208.1301790421315,204.80638906809736,214.80676107437205,0.5,False,MoPoE
98,255.9949129150168,238.39741882313825,235.4133038202716,250.0782169050416,0.5,False,MoPoE
99,245.9422240040672,222.8813669337202,218.48524760896905,241.09276721841653,0.5,False,MoPoE
100,188.34987744032205,191.3834649870361,187.0139465973403,188.2094428763637,0.5,True,MoPoE
101,248.65153556121905,296.5224038965327,287.7934015883086,267.18250511455705,0.5,True,MoPoE
102,172.07518308711713,186.7891475740764,179.29611175588224,179.4446258202535,0.5,True,MoPoE
103,179.1435375278846,190.34287021461367,188.12618232119132,185.14212604003367,0.5,True,MoPoE
104,188.54626592955253,178.8587481867407,176.6875684282408,183.68866289135417,0.2,False,MoPoE
105,196.143733705352,203.3100238734688,196.64509360683064,196.7595792449632,0.2,False,MoPoE
106,183.10289815940712,178.54679127001907,175.01991934330005,179.9940885580869,0.2,False,MoPoE
107,181.329176305268,178.26708081764485,174.60783696275547,180.6162936237349,0.2,False,MoPoE
108,179.8899328284863,185.60540555752925,184.66899066103605,183.3344375904943,0.2,True,MoPoE
109,192.5956531592302,191.40936770358132,189.44821917800252,191.52711072049712,0.2,True,MoPoE
110,179.05237107292118,175.14219242231323,172.60006130907493,174.25497892654948,0.2,True,MoPoE
111,232.8639106403395,245.15783947006457,243.7004469394116,248.85643298947627,0.0,False,MoPoE
112,227.4034170289572,246.16097517624505,242.25292139508804,241.34491289089448,0.2,True,MoPoE
113,175.23383387907273,187.466412251626,180.9964183464278,182.8861688313542,0.0,False,MoPoE
114,167.761637453361,181.0290146865808,176.93403069136633,173.00830910293155,0.0,False,MoPoE
115,244.5818729670194,249.1218977995032,246.2225425848306,259.3959327916517,0.0,False,MoPoE
22,309.1497847657823,297.50692185349214,296.79078984534124,301.86466868549087,0.5,True,MVAE
23,98.4215713999804,101.38211675605277,99.11662108530312,102.78562709876913,0.2,True,MVAE
24,194.4952979495165,198.37981944000407,195.668358844326,197.01818745827228,0.5,False,MVAE
25,288.899129396892,286.25890480044853,287.7744392185268,287.6010468113102,0.2,False,MVAE
26,257.9818029890032,246.81992011685315,246.1792768299713,246.83655918577892,0.0,False,MVAE
27,119.49504881546972,122.15983271533344,117.86204350193476,119.588551790353,0.5,True,MVAE
28,99.74377080400438,127.63572757383749,110.90131444384292,98.651228475668,0.2,True,MVAE
29,207.8400719361767,208.9005800492324,208.57897449650173,208.3363912844567,0.5,False,MVAE
30,94.88180108360046,96.3719184494832,96.05464424237834,94.88330247401508,0.2,False,MVAE
31,92.85732693585066,92.8306219801209,93.3414081735873,92.73146949172394,0.0,False,MVAE
32,130.90889161950906,133.4239820291843,132.81519441259343,138.72376103727436,0.5,True,MVAE
33,91.43120020132824,104.57828539545687,102.2290804163748,98.53837960264444,0.2,True,MVAE
34,166.68567976427835,167.24584338039944,167.1723742263725,165.09128402735575,0.5,False,MVAE
35,95.8266696839637,97.06946592585332,97.14402627049452,97.11274482085048,0.2,False,MVAE
36,270.97999651126383,271.04462617284065,270.7496498592574,271.1754719378272,0.0,False,MVAE
37,117.7645934850571,113.18799634720142,117.89300043659053,118.1575272204118,0.5,True,MVAE
38,101.2002446589014,106.83278214293956,112.6728299942056,104.24354017082824,0.2,True,MVAE
39,196.29026874563013,195.9998897142479,195.90042318436664,195.88308455725556,0.5,False,MVAE
40,108.3501373720316,109.23166315438664,107.54209742206984,108.05875515347408,0.2,False,MVAE
41,90.54204278999056,91.05850193075082,91.12545013398308,90.83296477966388,0.0,False,MVAE
0,272.64015514299246,277.86297151315733,274.380796179452,271.743845116124,0.5,False,JMVAE
1,117.41139917557098,144.69162640080907,140.107038250382,136.76693905979062,0.2,False,JMVAE
2,123.60238178548128,193.41776106914384,178.69512266111602,158.2682296194949,0.0,False,JMVAE
3,221.96324723459617,250.95780730704547,241.3024512882742,233.87129800254831,0.5,False,JMVAE
4,116.1428555643351,149.2754571047824,143.85570374324175,137.65732746308265,0.2,False,JMVAE
5,99.536128259601,169.8293808316222,152.4746167510507,129.3717062345945,0.0,False,JMVAE
6,253.29064290604265,294.82322309897535,284.6045079929297,274.6048825141533,0.5,False,JMVAE
7,121.11741065215256,152.85182003921176,147.34031503191625,142.74159594422747,0.2,False,JMVAE
8,119.8604082906628,181.4350678222782,164.91152714556804,148.81644112728844,0.0,False,JMVAE
9,235.40572388116144,248.06523101647804,238.9800657954476,234.7630025777679,0.5,False,JMVAE
10,122.18232791817375,151.35295180866706,146.546441638261,141.69522932740605,0.2,False,JMVAE
11,121.27496945238336,181.68593183444307,167.4785311512503,148.96024492374687,0.0,False,JMVAE
