"Name","State","Notes","User","Tags","Created","Runtime","Sweep","K","alpha","beta","beta_style","custom_architectures","decoder_dist_params.m0.scale","decoder_dist_params.m1.scale","decoder_dist_params.m2.scale","decoder_dist_params.m3.scale","decoder_dist_params.m4.scale","decoders_dist.m0","decoders_dist.m1","decoders_dist.m2","decoders_dist.m3","decoders_dist.m4","embedding_dcca_dim","input_dims.m0","input_dims.m1","input_dims.m2","input_dims.m3","input_dims.m4","keep_incomplete","latent_dim","learn_prior","missing_ratio","model_name","n_modalities","name","nb_epochs_dcca","prior_and_posterior_dist","seed","subsets.","subsets.m0","subsets.m0_m1","subsets.m0_m1_m2","subsets.m0_m1_m2_m3","subsets.m0_m1_m2_m3_m4","subsets.m0_m1_m2_m4","subsets.m0_m1_m3","subsets.m0_m1_m3_m4","subsets.m0_m1_m4","subsets.m0_m2","subsets.m0_m2_m3","subsets.m0_m2_m3_m4","subsets.m0_m2_m4","subsets.m0_m3","subsets.m0_m3_m4","subsets.m0_m4","subsets.m1","subsets.m1_m2","subsets.m1_m2_m3","subsets.m1_m2_m3_m4","subsets.m1_m2_m4","subsets.m1_m3","subsets.m1_m3_m4","subsets.m1_m4","subsets.m2","subsets.m2_m3","subsets.m2_m3_m4","subsets.m2_m4","subsets.m3","subsets.m3_m4","subsets.m4","use_all_singular_values","use_modality_specific_spaces","use_subsampling","uses_likelihood_rescaling","warmup","cluster_accuracy"
"icy-brook-412","finished","-","asenellart","","2023-06-07T16:41:01.000Z","192","","","","2.5","1","[""encoders"",""decoders"",""encoders"",""decoders""]","0.75","0.75","0.75","0.75","0.75","laplace","laplace","laplace","laplace","laplace","","[3,28,28]","[3,28,28]","[3,28,28]","[3,28,28]","[3,28,28]","true","512","","0.5","MoPoE","5","MoPoEConfig","","","3","[]","[""m0""]","[""m0"",""m1""]","[""m0"",""m1"",""m2""]","[""m0"",""m1"",""m2"",""m3""]","[""m0"",""m1"",""m2"",""m3"",""m4""]","[""m0"",""m1"",""m2"",""m4""]","[""m0"",""m1"",""m3""]","[""m0"",""m1"",""m3"",""m4""]","[""m0"",""m1"",""m4""]","[""m0"",""m2""]","[""m0"",""m2"",""m3""]","[""m0"",""m2"",""m3"",""m4""]","[""m0"",""m2"",""m4""]","[""m0"",""m3""]","[""m0"",""m3"",""m4""]","[""m0"",""m4""]","[""m1""]","[""m1"",""m2""]","[""m1"",""m2"",""m3""]","[""m1"",""m2"",""m3"",""m4""]","[""m1"",""m2"",""m4""]","[""m1"",""m3""]","[""m1"",""m3"",""m4""]","[""m1"",""m4""]","[""m2""]","[""m2"",""m3""]","[""m2"",""m3"",""m4""]","[""m2"",""m4""]","[""m3""]","[""m3"",""m4""]","[""m4""]","","false","","false","","0.98265"
"confused-pyramid-409","finished","-","asenellart","","2023-06-07T16:41:00.000Z","194","","","","2.5","1","[""encoders"",""decoders"",""encoders"",""decoders""]","0.75","0.75","0.75","0.75","0.75","laplace","laplace","laplace","laplace","laplace","","[3,28,28]","[3,28,28]","[3,28,28]","[3,28,28]","[3,28,28]","false","512","","0.2","MoPoE","5","MoPoEConfig","","","3","[]","[""m0""]","[""m0"",""m1""]","[""m0"",""m1"",""m2""]","[""m0"",""m1"",""m2"",""m3""]","[""m0"",""m1"",""m2"",""m3"",""m4""]","[""m0"",""m1"",""m2"",""m4""]","[""m0"",""m1"",""m3""]","[""m0"",""m1"",""m3"",""m4""]","[""m0"",""m1"",""m4""]","[""m0"",""m2""]","[""m0"",""m2"",""m3""]","[""m0"",""m2"",""m3"",""m4""]","[""m0"",""m2"",""m4""]","[""m0"",""m3""]","[""m0"",""m3"",""m4""]","[""m0"",""m4""]","[""m1""]","[""m1"",""m2""]","[""m1"",""m2"",""m3""]","[""m1"",""m2"",""m3"",""m4""]","[""m1"",""m2"",""m4""]","[""m1"",""m3""]","[""m1"",""m3"",""m4""]","[""m1"",""m4""]","[""m2""]","[""m2"",""m3""]","[""m2"",""m3"",""m4""]","[""m2"",""m4""]","[""m3""]","[""m3"",""m4""]","[""m4""]","","false","","false","","0.9963"
"frosty-sea-409","finished","-","asenellart","","2023-06-07T16:41:00.000Z","210","","","","2.5","1","[""encoders"",""decoders"",""encoders"",""decoders""]","0.75","0.75","0.75","0.75","0.75","laplace","laplace","laplace","laplace","laplace","","[3,28,28]","[3,28,28]","[3,28,28]","[3,28,28]","[3,28,28]","false","512","","0.5","MoPoE","5","MoPoEConfig","","","3","[]","[""m0""]","[""m0"",""m1""]","[""m0"",""m1"",""m2""]","[""m0"",""m1"",""m2"",""m3""]","[""m0"",""m1"",""m2"",""m3"",""m4""]","[""m0"",""m1"",""m2"",""m4""]","[""m0"",""m1"",""m3""]","[""m0"",""m1"",""m3"",""m4""]","[""m0"",""m1"",""m4""]","[""m0"",""m2""]","[""m0"",""m2"",""m3""]","[""m0"",""m2"",""m3"",""m4""]","[""m0"",""m2"",""m4""]","[""m0"",""m3""]","[""m0"",""m3"",""m4""]","[""m0"",""m4""]","[""m1""]","[""m1"",""m2""]","[""m1"",""m2"",""m3""]","[""m1"",""m2"",""m3"",""m4""]","[""m1"",""m2"",""m4""]","[""m1"",""m3""]","[""m1"",""m3"",""m4""]","[""m1"",""m4""]","[""m2""]","[""m2"",""m3""]","[""m2"",""m3"",""m4""]","[""m2"",""m4""]","[""m3""]","[""m3"",""m4""]","[""m4""]","","false","","false","","0.83557"
"icy-moon-411","finished","-","asenellart","","2023-06-07T16:41:00.000Z","192","","","","2.5","1","[""encoders"",""decoders"",""encoders"",""decoders""]","0.75","0.75","0.75","0.75","0.75","laplace","laplace","laplace","laplace","laplace","","[3,28,28]","[3,28,28]","[3,28,28]","[3,28,28]","[3,28,28]","true","512","","0.2","MoPoE","5","MoPoEConfig","","","3","[]","[""m0""]","[""m0"",""m1""]","[""m0"",""m1"",""m2""]","[""m0"",""m1"",""m2"",""m3""]","[""m0"",""m1"",""m2"",""m3"",""m4""]","[""m0"",""m1"",""m2"",""m4""]","[""m0"",""m1"",""m3""]","[""m0"",""m1"",""m3"",""m4""]","[""m0"",""m1"",""m4""]","[""m0"",""m2""]","[""m0"",""m2"",""m3""]","[""m0"",""m2"",""m3"",""m4""]","[""m0"",""m2"",""m4""]","[""m0"",""m3""]","[""m0"",""m3"",""m4""]","[""m0"",""m4""]","[""m1""]","[""m1"",""m2""]","[""m1"",""m2"",""m3""]","[""m1"",""m2"",""m3"",""m4""]","[""m1"",""m2"",""m4""]","[""m1"",""m3""]","[""m1"",""m3"",""m4""]","[""m1"",""m4""]","[""m2""]","[""m2"",""m3""]","[""m2"",""m3"",""m4""]","[""m2"",""m4""]","[""m3""]","[""m3"",""m4""]","[""m4""]","","false","","false","","0.9981000000000002"
"firm-blaze-408","finished","-","asenellart","","2023-06-07T16:37:35.000Z","311","","","","2.5","1","[""encoders"",""decoders"",""encoders"",""decoders""]","0.75","0.75","0.75","0.75","0.75","laplace","laplace","laplace","laplace","laplace","","[3,28,28]","[3,28,28]","[3,28,28]","[3,28,28]","[3,28,28]","true","512","","0.5","MoPoE","5","MoPoEConfig","","","1","[]","[""m0""]","[""m0"",""m1""]","[""m0"",""m1"",""m2""]","[""m0"",""m1"",""m2"",""m3""]","[""m0"",""m1"",""m2"",""m3"",""m4""]","[""m0"",""m1"",""m2"",""m4""]","[""m0"",""m1"",""m3""]","[""m0"",""m1"",""m3"",""m4""]","[""m0"",""m1"",""m4""]","[""m0"",""m2""]","[""m0"",""m2"",""m3""]","[""m0"",""m2"",""m3"",""m4""]","[""m0"",""m2"",""m4""]","[""m0"",""m3""]","[""m0"",""m3"",""m4""]","[""m0"",""m4""]","[""m1""]","[""m1"",""m2""]","[""m1"",""m2"",""m3""]","[""m1"",""m2"",""m3"",""m4""]","[""m1"",""m2"",""m4""]","[""m1"",""m3""]","[""m1"",""m3"",""m4""]","[""m1"",""m4""]","[""m2""]","[""m2"",""m3""]","[""m2"",""m3"",""m4""]","[""m2"",""m4""]","[""m3""]","[""m3"",""m4""]","[""m4""]","","false","","false","","0.97511"
"valiant-capybara-406","finished","-","asenellart","","2023-06-07T16:37:35.000Z","178","","","","2.5","1","[""encoders"",""decoders"",""encoders"",""decoders""]","0.75","0.75","0.75","0.75","0.75","laplace","laplace","laplace","laplace","laplace","","[3,28,28]","[3,28,28]","[3,28,28]","[3,28,28]","[3,28,28]","false","512","","0","MoPoE","5","MoPoEConfig","","","0","[]","[""m0""]","[""m0"",""m1""]","[""m0"",""m1"",""m2""]","[""m0"",""m1"",""m2"",""m3""]","[""m0"",""m1"",""m2"",""m3"",""m4""]","[""m0"",""m1"",""m2"",""m4""]","[""m0"",""m1"",""m3""]","[""m0"",""m1"",""m3"",""m4""]","[""m0"",""m1"",""m4""]","[""m0"",""m2""]","[""m0"",""m2"",""m3""]","[""m0"",""m2"",""m3"",""m4""]","[""m0"",""m2"",""m4""]","[""m0"",""m3""]","[""m0"",""m3"",""m4""]","[""m0"",""m4""]","[""m1""]","[""m1"",""m2""]","[""m1"",""m2"",""m3""]","[""m1"",""m2"",""m3"",""m4""]","[""m1"",""m2"",""m4""]","[""m1"",""m3""]","[""m1"",""m3"",""m4""]","[""m1"",""m4""]","[""m2""]","[""m2"",""m3""]","[""m2"",""m3"",""m4""]","[""m2"",""m4""]","[""m3""]","[""m3"",""m4""]","[""m4""]","","false","","false","","0.98924"
"earthy-deluge-407","finished","-","asenellart","","2023-06-07T16:37:35.000Z","342","","","","2.5","1","[""encoders"",""decoders"",""encoders"",""decoders""]","0.75","0.75","0.75","0.75","0.75","laplace","laplace","laplace","laplace","laplace","","[3,28,28]","[3,28,28]","[3,28,28]","[3,28,28]","[3,28,28]","true","512","","0.5","MoPoE","5","MoPoEConfig","","","2","[]","[""m0""]","[""m0"",""m1""]","[""m0"",""m1"",""m2""]","[""m0"",""m1"",""m2"",""m3""]","[""m0"",""m1"",""m2"",""m3"",""m4""]","[""m0"",""m1"",""m2"",""m4""]","[""m0"",""m1"",""m3""]","[""m0"",""m1"",""m3"",""m4""]","[""m0"",""m1"",""m4""]","[""m0"",""m2""]","[""m0"",""m2"",""m3""]","[""m0"",""m2"",""m3"",""m4""]","[""m0"",""m2"",""m4""]","[""m0"",""m3""]","[""m0"",""m3"",""m4""]","[""m0"",""m4""]","[""m1""]","[""m1"",""m2""]","[""m1"",""m2"",""m3""]","[""m1"",""m2"",""m3"",""m4""]","[""m1"",""m2"",""m4""]","[""m1"",""m3""]","[""m1"",""m3"",""m4""]","[""m1"",""m4""]","[""m2""]","[""m2"",""m3""]","[""m2"",""m3"",""m4""]","[""m2"",""m4""]","[""m3""]","[""m3"",""m4""]","[""m4""]","","false","","false","","0.85215"
"sleek-wind-405","finished","-","asenellart","","2023-06-07T16:37:35.000Z","222","","","","2.5","1","[""encoders"",""decoders"",""encoders"",""decoders""]","0.75","0.75","0.75","0.75","0.75","laplace","laplace","laplace","laplace","laplace","","[3,28,28]","[3,28,28]","[3,28,28]","[3,28,28]","[3,28,28]","true","512","","0.2","MoPoE","5","MoPoEConfig","","","1","[]","[""m0""]","[""m0"",""m1""]","[""m0"",""m1"",""m2""]","[""m0"",""m1"",""m2"",""m3""]","[""m0"",""m1"",""m2"",""m3"",""m4""]","[""m0"",""m1"",""m2"",""m4""]","[""m0"",""m1"",""m3""]","[""m0"",""m1"",""m3"",""m4""]","[""m0"",""m1"",""m4""]","[""m0"",""m2""]","[""m0"",""m2"",""m3""]","[""m0"",""m2"",""m3"",""m4""]","[""m0"",""m2"",""m4""]","[""m0"",""m3""]","[""m0"",""m3"",""m4""]","[""m0"",""m4""]","[""m1""]","[""m1"",""m2""]","[""m1"",""m2"",""m3""]","[""m1"",""m2"",""m3"",""m4""]","[""m1"",""m2"",""m4""]","[""m1"",""m3""]","[""m1"",""m3"",""m4""]","[""m1"",""m4""]","[""m2""]","[""m2"",""m3""]","[""m2"",""m3"",""m4""]","[""m2"",""m4""]","[""m3""]","[""m3"",""m4""]","[""m4""]","","false","","false","","0.96962"
"golden-darkness-404","finished","-","asenellart","","2023-06-07T16:37:34.000Z","312","","","","2.5","1","[""encoders"",""decoders"",""encoders"",""decoders""]","0.75","0.75","0.75","0.75","0.75","laplace","laplace","laplace","laplace","laplace","","[3,28,28]","[3,28,28]","[3,28,28]","[3,28,28]","[3,28,28]","false","512","","0.2","MoPoE","5","MoPoEConfig","","","2","[]","[""m0""]","[""m0"",""m1""]","[""m0"",""m1"",""m2""]","[""m0"",""m1"",""m2"",""m3""]","[""m0"",""m1"",""m2"",""m3"",""m4""]","[""m0"",""m1"",""m2"",""m4""]","[""m0"",""m1"",""m3""]","[""m0"",""m1"",""m3"",""m4""]","[""m0"",""m1"",""m4""]","[""m0"",""m2""]","[""m0"",""m2"",""m3""]","[""m0"",""m2"",""m3"",""m4""]","[""m0"",""m2"",""m4""]","[""m0"",""m3""]","[""m0"",""m3"",""m4""]","[""m0"",""m4""]","[""m1""]","[""m1"",""m2""]","[""m1"",""m2"",""m3""]","[""m1"",""m2"",""m3"",""m4""]","[""m1"",""m2"",""m4""]","[""m1"",""m3""]","[""m1"",""m3"",""m4""]","[""m1"",""m4""]","[""m2""]","[""m2"",""m3""]","[""m2"",""m3"",""m4""]","[""m2"",""m4""]","[""m3""]","[""m3"",""m4""]","[""m4""]","","false","","false","","0.98723"
"vibrant-serenity-401","finished","-","asenellart","","2023-06-07T16:37:33.000Z","189","","","","2.5","1","[""encoders"",""decoders"",""encoders"",""decoders""]","0.75","0.75","0.75","0.75","0.75","laplace","laplace","laplace","laplace","laplace","","[3,28,28]","[3,28,28]","[3,28,28]","[3,28,28]","[3,28,28]","false","512","","0.2","MoPoE","5","MoPoEConfig","","","0","[]","[""m0""]","[""m0"",""m1""]","[""m0"",""m1"",""m2""]","[""m0"",""m1"",""m2"",""m3""]","[""m0"",""m1"",""m2"",""m3"",""m4""]","[""m0"",""m1"",""m2"",""m4""]","[""m0"",""m1"",""m3""]","[""m0"",""m1"",""m3"",""m4""]","[""m0"",""m1"",""m4""]","[""m0"",""m2""]","[""m0"",""m2"",""m3""]","[""m0"",""m2"",""m3"",""m4""]","[""m0"",""m2"",""m4""]","[""m0"",""m3""]","[""m0"",""m3"",""m4""]","[""m0"",""m4""]","[""m1""]","[""m1"",""m2""]","[""m1"",""m2"",""m3""]","[""m1"",""m2"",""m3"",""m4""]","[""m1"",""m2"",""m4""]","[""m1"",""m3""]","[""m1"",""m3"",""m4""]","[""m1"",""m4""]","[""m2""]","[""m2"",""m3""]","[""m2"",""m3"",""m4""]","[""m2"",""m4""]","[""m3""]","[""m3"",""m4""]","[""m4""]","","false","","false","","0.96701"
"gentle-terrain-402","finished","-","asenellart","","2023-06-07T16:37:33.000Z","283","","","","2.5","1","[""encoders"",""decoders"",""encoders"",""decoders""]","0.75","0.75","0.75","0.75","0.75","laplace","laplace","laplace","laplace","laplace","","[3,28,28]","[3,28,28]","[3,28,28]","[3,28,28]","[3,28,28]","false","512","","0","MoPoE","5","MoPoEConfig","","","3","[]","[""m0""]","[""m0"",""m1""]","[""m0"",""m1"",""m2""]","[""m0"",""m1"",""m2"",""m3""]","[""m0"",""m1"",""m2"",""m3"",""m4""]","[""m0"",""m1"",""m2"",""m4""]","[""m0"",""m1"",""m3""]","[""m0"",""m1"",""m3"",""m4""]","[""m0"",""m1"",""m4""]","[""m0"",""m2""]","[""m0"",""m2"",""m3""]","[""m0"",""m2"",""m3"",""m4""]","[""m0"",""m2"",""m4""]","[""m0"",""m3""]","[""m0"",""m3"",""m4""]","[""m0"",""m4""]","[""m1""]","[""m1"",""m2""]","[""m1"",""m2"",""m3""]","[""m1"",""m2"",""m3"",""m4""]","[""m1"",""m2"",""m4""]","[""m1"",""m3""]","[""m1"",""m3"",""m4""]","[""m1"",""m4""]","[""m2""]","[""m2"",""m3""]","[""m2"",""m3"",""m4""]","[""m2"",""m4""]","[""m3""]","[""m3"",""m4""]","[""m4""]","","false","","false","","0.9895699999999998"
"classic-river-403","finished","-","asenellart","","2023-06-07T16:37:33.000Z","212","","","","2.5","1","[""encoders"",""decoders"",""encoders"",""decoders""]","0.75","0.75","0.75","0.75","0.75","laplace","laplace","laplace","laplace","laplace","","[3,28,28]","[3,28,28]","[3,28,28]","[3,28,28]","[3,28,28]","false","512","","0","MoPoE","5","MoPoEConfig","","","2","[]","[""m0""]","[""m0"",""m1""]","[""m0"",""m1"",""m2""]","[""m0"",""m1"",""m2"",""m3""]","[""m0"",""m1"",""m2"",""m3"",""m4""]","[""m0"",""m1"",""m2"",""m4""]","[""m0"",""m1"",""m3""]","[""m0"",""m1"",""m3"",""m4""]","[""m0"",""m1"",""m4""]","[""m0"",""m2""]","[""m0"",""m2"",""m3""]","[""m0"",""m2"",""m3"",""m4""]","[""m0"",""m2"",""m4""]","[""m0"",""m3""]","[""m0"",""m3"",""m4""]","[""m0"",""m4""]","[""m1""]","[""m1"",""m2""]","[""m1"",""m2"",""m3""]","[""m1"",""m2"",""m3"",""m4""]","[""m1"",""m2"",""m4""]","[""m1"",""m3""]","[""m1"",""m3"",""m4""]","[""m1"",""m4""]","[""m2""]","[""m2"",""m3""]","[""m2"",""m3"",""m4""]","[""m2"",""m4""]","[""m3""]","[""m3"",""m4""]","[""m4""]","","false","","false","","0.9989"
"drawn-wave-397","finished","-","asenellart","","2023-06-07T16:37:32.000Z","260","","","","2.5","1","[""encoders"",""decoders"",""encoders"",""decoders""]","0.75","0.75","0.75","0.75","0.75","laplace","laplace","laplace","laplace","laplace","","[3,28,28]","[3,28,28]","[3,28,28]","[3,28,28]","[3,28,28]","false","512","","0.5","MoPoE","5","MoPoEConfig","","","2","[]","[""m0""]","[""m0"",""m1""]","[""m0"",""m1"",""m2""]","[""m0"",""m1"",""m2"",""m3""]","[""m0"",""m1"",""m2"",""m3"",""m4""]","[""m0"",""m1"",""m2"",""m4""]","[""m0"",""m1"",""m3""]","[""m0"",""m1"",""m3"",""m4""]","[""m0"",""m1"",""m4""]","[""m0"",""m2""]","[""m0"",""m2"",""m3""]","[""m0"",""m2"",""m3"",""m4""]","[""m0"",""m2"",""m4""]","[""m0"",""m3""]","[""m0"",""m3"",""m4""]","[""m0"",""m4""]","[""m1""]","[""m1"",""m2""]","[""m1"",""m2"",""m3""]","[""m1"",""m2"",""m3"",""m4""]","[""m1"",""m2"",""m4""]","[""m1"",""m3""]","[""m1"",""m3"",""m4""]","[""m1"",""m4""]","[""m2""]","[""m2"",""m3""]","[""m2"",""m3"",""m4""]","[""m2"",""m4""]","[""m3""]","[""m3"",""m4""]","[""m4""]","","false","","false","","0.93574"
"eternal-pond-398","finished","-","asenellart","","2023-06-07T16:37:32.000Z","224","","","","2.5","1","[""encoders"",""decoders"",""encoders"",""decoders""]","0.75","0.75","0.75","0.75","0.75","laplace","laplace","laplace","laplace","laplace","","[3,28,28]","[3,28,28]","[3,28,28]","[3,28,28]","[3,28,28]","false","512","","0","MoPoE","5","MoPoEConfig","","","1","[]","[""m0""]","[""m0"",""m1""]","[""m0"",""m1"",""m2""]","[""m0"",""m1"",""m2"",""m3""]","[""m0"",""m1"",""m2"",""m3"",""m4""]","[""m0"",""m1"",""m2"",""m4""]","[""m0"",""m1"",""m3""]","[""m0"",""m1"",""m3"",""m4""]","[""m0"",""m1"",""m4""]","[""m0"",""m2""]","[""m0"",""m2"",""m3""]","[""m0"",""m2"",""m3"",""m4""]","[""m0"",""m2"",""m4""]","[""m0"",""m3""]","[""m0"",""m3"",""m4""]","[""m0"",""m4""]","[""m1""]","[""m1"",""m2""]","[""m1"",""m2"",""m3""]","[""m1"",""m2"",""m3"",""m4""]","[""m1"",""m2"",""m4""]","[""m1"",""m3""]","[""m1"",""m3"",""m4""]","[""m1"",""m4""]","[""m2""]","[""m2"",""m3""]","[""m2"",""m3"",""m4""]","[""m2"",""m4""]","[""m3""]","[""m3"",""m4""]","[""m4""]","","false","","false","","0.97094"
"bumbling-thunder-399","finished","-","asenellart","","2023-06-07T16:37:32.000Z","202","","","","2.5","1","[""encoders"",""decoders"",""encoders"",""decoders""]","0.75","0.75","0.75","0.75","0.75","laplace","laplace","laplace","laplace","laplace","","[3,28,28]","[3,28,28]","[3,28,28]","[3,28,28]","[3,28,28]","false","512","","0.2","MoPoE","5","MoPoEConfig","","","1","[]","[""m0""]","[""m0"",""m1""]","[""m0"",""m1"",""m2""]","[""m0"",""m1"",""m2"",""m3""]","[""m0"",""m1"",""m2"",""m3"",""m4""]","[""m0"",""m1"",""m2"",""m4""]","[""m0"",""m1"",""m3""]","[""m0"",""m1"",""m3"",""m4""]","[""m0"",""m1"",""m4""]","[""m0"",""m2""]","[""m0"",""m2"",""m3""]","[""m0"",""m2"",""m3"",""m4""]","[""m0"",""m2"",""m4""]","[""m0"",""m3""]","[""m0"",""m3"",""m4""]","[""m0"",""m4""]","[""m1""]","[""m1"",""m2""]","[""m1"",""m2"",""m3""]","[""m1"",""m2"",""m3"",""m4""]","[""m1"",""m2"",""m4""]","[""m1"",""m3""]","[""m1"",""m3"",""m4""]","[""m1"",""m4""]","[""m2""]","[""m2"",""m3""]","[""m2"",""m3"",""m4""]","[""m2"",""m4""]","[""m3""]","[""m3"",""m4""]","[""m4""]","","false","","false","","0.98706"
"laced-darkness-400","finished","-","asenellart","","2023-06-07T16:37:32.000Z","312","","","","2.5","1","[""encoders"",""decoders"",""encoders"",""decoders""]","0.75","0.75","0.75","0.75","0.75","laplace","laplace","laplace","laplace","laplace","","[3,28,28]","[3,28,28]","[3,28,28]","[3,28,28]","[3,28,28]","true","512","","0.2","MoPoE","5","MoPoEConfig","","","2","[]","[""m0""]","[""m0"",""m1""]","[""m0"",""m1"",""m2""]","[""m0"",""m1"",""m2"",""m3""]","[""m0"",""m1"",""m2"",""m3"",""m4""]","[""m0"",""m1"",""m2"",""m4""]","[""m0"",""m1"",""m3""]","[""m0"",""m1"",""m3"",""m4""]","[""m0"",""m1"",""m4""]","[""m0"",""m2""]","[""m0"",""m2"",""m3""]","[""m0"",""m2"",""m3"",""m4""]","[""m0"",""m2"",""m4""]","[""m0"",""m3""]","[""m0"",""m3"",""m4""]","[""m0"",""m4""]","[""m1""]","[""m1"",""m2""]","[""m1"",""m2"",""m3""]","[""m1"",""m2"",""m3"",""m4""]","[""m1"",""m2"",""m4""]","[""m1"",""m3""]","[""m1"",""m3"",""m4""]","[""m1"",""m4""]","[""m2""]","[""m2"",""m3""]","[""m2"",""m3"",""m4""]","[""m2"",""m4""]","[""m3""]","[""m3"",""m4""]","[""m4""]","","false","","false","","0.97944"
"vague-tree-396","finished","-","asenellart","","2023-06-07T16:37:32.000Z","241","","","","2.5","1","[""encoders"",""decoders"",""encoders"",""decoders""]","0.75","0.75","0.75","0.75","0.75","laplace","laplace","laplace","laplace","laplace","","[3,28,28]","[3,28,28]","[3,28,28]","[3,28,28]","[3,28,28]","false","512","","0.5","MoPoE","5","MoPoEConfig","","","1","[]","[""m0""]","[""m0"",""m1""]","[""m0"",""m1"",""m2""]","[""m0"",""m1"",""m2"",""m3""]","[""m0"",""m1"",""m2"",""m3"",""m4""]","[""m0"",""m1"",""m2"",""m4""]","[""m0"",""m1"",""m3""]","[""m0"",""m1"",""m3"",""m4""]","[""m0"",""m1"",""m4""]","[""m0"",""m2""]","[""m0"",""m2"",""m3""]","[""m0"",""m2"",""m3"",""m4""]","[""m0"",""m2"",""m4""]","[""m0"",""m3""]","[""m0"",""m3"",""m4""]","[""m0"",""m4""]","[""m1""]","[""m1"",""m2""]","[""m1"",""m2"",""m3""]","[""m1"",""m2"",""m3"",""m4""]","[""m1"",""m2"",""m4""]","[""m1"",""m3""]","[""m1"",""m3"",""m4""]","[""m1"",""m4""]","[""m2""]","[""m2"",""m3""]","[""m2"",""m3"",""m4""]","[""m2"",""m4""]","[""m3""]","[""m3"",""m4""]","[""m4""]","","false","","false","","0.8427799999999998"
"fancy-lion-394","finished","-","asenellart","","2023-06-07T16:37:30.000Z","214","","","","2.5","1","[""encoders"",""decoders"",""encoders"",""decoders""]","0.75","0.75","0.75","0.75","0.75","laplace","laplace","laplace","laplace","laplace","","[3,28,28]","[3,28,28]","[3,28,28]","[3,28,28]","[3,28,28]","false","512","","0.5","MoPoE","5","MoPoEConfig","","","0","[]","[""m0""]","[""m0"",""m1""]","[""m0"",""m1"",""m2""]","[""m0"",""m1"",""m2"",""m3""]","[""m0"",""m1"",""m2"",""m3"",""m4""]","[""m0"",""m1"",""m2"",""m4""]","[""m0"",""m1"",""m3""]","[""m0"",""m1"",""m3"",""m4""]","[""m0"",""m1"",""m4""]","[""m0"",""m2""]","[""m0"",""m2"",""m3""]","[""m0"",""m2"",""m3"",""m4""]","[""m0"",""m2"",""m4""]","[""m0"",""m3""]","[""m0"",""m3"",""m4""]","[""m0"",""m4""]","[""m1""]","[""m1"",""m2""]","[""m1"",""m2"",""m3""]","[""m1"",""m2"",""m3"",""m4""]","[""m1"",""m2"",""m4""]","[""m1"",""m3""]","[""m1"",""m3"",""m4""]","[""m1"",""m4""]","[""m2""]","[""m2"",""m3""]","[""m2"",""m3"",""m4""]","[""m2"",""m4""]","[""m3""]","[""m3"",""m4""]","[""m4""]","","false","","false","","0.86609"
"worthy-disco-395","finished","-","asenellart","","2023-06-07T16:37:30.000Z","188","","","","2.5","1","[""encoders"",""decoders"",""encoders"",""decoders""]","0.75","0.75","0.75","0.75","0.75","laplace","laplace","laplace","laplace","laplace","","[3,28,28]","[3,28,28]","[3,28,28]","[3,28,28]","[3,28,28]","true","512","","0.2","MoPoE","5","MoPoEConfig","","","0","[]","[""m0""]","[""m0"",""m1""]","[""m0"",""m1"",""m2""]","[""m0"",""m1"",""m2"",""m3""]","[""m0"",""m1"",""m2"",""m3"",""m4""]","[""m0"",""m1"",""m2"",""m4""]","[""m0"",""m1"",""m3""]","[""m0"",""m1"",""m3"",""m4""]","[""m0"",""m1"",""m4""]","[""m0"",""m2""]","[""m0"",""m2"",""m3""]","[""m0"",""m2"",""m3"",""m4""]","[""m0"",""m2"",""m4""]","[""m0"",""m3""]","[""m0"",""m3"",""m4""]","[""m0"",""m4""]","[""m1""]","[""m1"",""m2""]","[""m1"",""m2"",""m3""]","[""m1"",""m2"",""m3"",""m4""]","[""m1"",""m2"",""m4""]","[""m1"",""m3""]","[""m1"",""m3"",""m4""]","[""m1"",""m4""]","[""m2""]","[""m2"",""m3""]","[""m2"",""m3"",""m4""]","[""m2"",""m4""]","[""m3""]","[""m3"",""m4""]","[""m4""]","","false","","false","","0.98816"
"warm-totem-393","finished","-","asenellart","","2023-06-07T16:37:29.000Z","190","","","","2.5","1","[""encoders"",""decoders"",""encoders"",""decoders""]","0.75","0.75","0.75","0.75","0.75","laplace","laplace","laplace","laplace","laplace","","[3,28,28]","[3,28,28]","[3,28,28]","[3,28,28]","[3,28,28]","true","512","","0.5","MoPoE","5","MoPoEConfig","","","0","[]","[""m0""]","[""m0"",""m1""]","[""m0"",""m1"",""m2""]","[""m0"",""m1"",""m2"",""m3""]","[""m0"",""m1"",""m2"",""m3"",""m4""]","[""m0"",""m1"",""m2"",""m4""]","[""m0"",""m1"",""m3""]","[""m0"",""m1"",""m3"",""m4""]","[""m0"",""m1"",""m4""]","[""m0"",""m2""]","[""m0"",""m2"",""m3""]","[""m0"",""m2"",""m3"",""m4""]","[""m0"",""m2"",""m4""]","[""m0"",""m3""]","[""m0"",""m3"",""m4""]","[""m0"",""m4""]","[""m1""]","[""m1"",""m2""]","[""m1"",""m2"",""m3""]","[""m1"",""m2"",""m3"",""m4""]","[""m1"",""m2"",""m4""]","[""m1"",""m3""]","[""m1"",""m3"",""m4""]","[""m1"",""m4""]","[""m2""]","[""m2"",""m3""]","[""m2"",""m3"",""m4""]","[""m2"",""m4""]","[""m3""]","[""m3"",""m4""]","[""m4""]","","false","","false","","0.9937"
"dulcet-flower-392","finished","-","asenellart","","2023-06-07T16:11:03.000Z","197","","10","","1","","[""encoders"",""decoders"",""encoders"",""decoders""]","0.75","0.75","0.75","0.75","0.75","laplace","laplace","laplace","laplace","laplace","","[3,28,28]","[3,28,28]","[3,28,28]","[3,28,28]","[3,28,28]","true","512","false","0.5","MMVAE","5","MMVAEConfig","","normal","3","","","","","","","","","","","","","","","","","","","","","","","","","","","","","","","","","","","","false","","0.97012"
"lemon-firebrand-391","finished","-","asenellart","","2023-06-07T16:10:30.000Z","236","","10","","1","","[""encoders"",""decoders"",""encoders"",""decoders""]","0.75","0.75","0.75","0.75","0.75","laplace","laplace","laplace","laplace","laplace","","[3,28,28]","[3,28,28]","[3,28,28]","[3,28,28]","[3,28,28]","false","512","false","0.5","MMVAE","5","MMVAEConfig","","normal","3","","","","","","","","","","","","","","","","","","","","","","","","","","","","","","","","","","","","false","","0.13184"
"helpful-hill-390","finished","-","asenellart","","2023-06-07T16:10:29.000Z","182","","10","","1","","[""encoders"",""decoders"",""encoders"",""decoders""]","0.75","0.75","0.75","0.75","0.75","laplace","laplace","laplace","laplace","laplace","","[3,28,28]","[3,28,28]","[3,28,28]","[3,28,28]","[3,28,28]","true","512","false","0.2","MMVAE","5","MMVAEConfig","","normal","3","","","","","","","","","","","","","","","","","","","","","","","","","","","","","","","","","","","","false","","1"
"stellar-frog-389","finished","-","asenellart","","2023-06-07T16:07:35.000Z","259","","10","","1","","[""encoders"",""decoders"",""encoders"",""decoders""]","0.75","0.75","0.75","0.75","0.75","laplace","laplace","laplace","laplace","laplace","","[3,28,28]","[3,28,28]","[3,28,28]","[3,28,28]","[3,28,28]","false","512","false","0","MMVAE","5","MMVAEConfig","","normal","2","","","","","","","","","","","","","","","","","","","","","","","","","","","","","","","","","","","","false","","1"
"quiet-bush-386","finished","-","asenellart","","2023-06-07T16:07:34.000Z","234","","10","","1","","[""encoders"",""decoders"",""encoders"",""decoders""]","0.75","0.75","0.75","0.75","0.75","laplace","laplace","laplace","laplace","laplace","","[3,28,28]","[3,28,28]","[3,28,28]","[3,28,28]","[3,28,28]","false","512","false","0.5","MMVAE","5","MMVAEConfig","","normal","0","","","","","","","","","","","","","","","","","","","","","","","","","","","","","","","","","","","","false","","0.12695000000000004"
"zesty-river-387","finished","-","asenellart","","2023-06-07T16:07:34.000Z","184","","10","","1","","[""encoders"",""decoders"",""encoders"",""decoders""]","0.75","0.75","0.75","0.75","0.75","laplace","laplace","laplace","laplace","laplace","","[3,28,28]","[3,28,28]","[3,28,28]","[3,28,28]","[3,28,28]","true","512","false","0.2","MMVAE","5","MMVAEConfig","","normal","0","","","","","","","","","","","","","","","","","","","","","","","","","","","","","","","","","","","","false","","0.9999"
"wobbly-brook-388","finished","-","asenellart","","2023-06-07T16:07:34.000Z","205","","10","","1","","[""encoders"",""decoders"",""encoders"",""decoders""]","0.75","0.75","0.75","0.75","0.75","laplace","laplace","laplace","laplace","laplace","","[3,28,28]","[3,28,28]","[3,28,28]","[3,28,28]","[3,28,28]","true","512","false","0.5","MMVAE","5","MMVAEConfig","","normal","1","","","","","","","","","","","","","","","","","","","","","","","","","","","","","","","","","","","","false","","0.9800600000000002"
"peach-rain-384","finished","-","asenellart","","2023-06-07T16:07:33.000Z","187","","10","","1","","[""encoders"",""decoders"",""encoders"",""decoders""]","0.75","0.75","0.75","0.75","0.75","laplace","laplace","laplace","laplace","laplace","","[3,28,28]","[3,28,28]","[3,28,28]","[3,28,28]","[3,28,28]","false","512","false","0.2","MMVAE","5","MMVAEConfig","","normal","2","","","","","","","","","","","","","","","","","","","","","","","","","","","","","","","","","","","","false","","0.9987"
"robust-fire-385","finished","-","asenellart","","2023-06-07T16:07:33.000Z","428","","10","","1","","[""encoders"",""decoders"",""encoders"",""decoders""]","0.75","0.75","0.75","0.75","0.75","laplace","laplace","laplace","laplace","laplace","","[3,28,28]","[3,28,28]","[3,28,28]","[3,28,28]","[3,28,28]","false","512","false","0.5","MMVAE","5","MMVAEConfig","","normal","2","","","","","","","","","","","","","","","","","","","","","","","","","","","","","","","","","","","","false","","0.13011"
"dulcet-cosmos-382","finished","-","asenellart","","2023-06-07T16:07:32.000Z","203","","10","","1","","[""encoders"",""decoders"",""encoders"",""decoders""]","0.75","0.75","0.75","0.75","0.75","laplace","laplace","laplace","laplace","laplace","","[3,28,28]","[3,28,28]","[3,28,28]","[3,28,28]","[3,28,28]","true","512","false","0.2","MMVAE","5","MMVAEConfig","","normal","1","","","","","","","","","","","","","","","","","","","","","","","","","","","","","","","","","","","","false","","0.99017"
"astral-butterfly-382","finished","-","asenellart","","2023-06-07T16:07:32.000Z","238","","10","","1","","[""encoders"",""decoders"",""encoders"",""decoders""]","0.75","0.75","0.75","0.75","0.75","laplace","laplace","laplace","laplace","laplace","","[3,28,28]","[3,28,28]","[3,28,28]","[3,28,28]","[3,28,28]","false","512","false","0.5","MMVAE","5","MMVAEConfig","","normal","1","","","","","","","","","","","","","","","","","","","","","","","","","","","","","","","","","","","","false","","0.14454"
"devout-capybara-381","finished","-","asenellart","","2023-06-07T16:07:32.000Z","193","","10","","1","","[""encoders"",""decoders"",""encoders"",""decoders""]","0.75","0.75","0.75","0.75","0.75","laplace","laplace","laplace","laplace","laplace","","[3,28,28]","[3,28,28]","[3,28,28]","[3,28,28]","[3,28,28]","false","512","false","0.2","MMVAE","5","MMVAEConfig","","normal","1","","","","","","","","","","","","","","","","","","","","","","","","","","","","","","","","","","","","false","","0.9991"
"sunny-fire-379","finished","-","asenellart","","2023-06-07T16:07:31.000Z","286","","10","","1","","[""encoders"",""decoders"",""encoders"",""decoders""]","0.75","0.75","0.75","0.75","0.75","laplace","laplace","laplace","laplace","laplace","","[3,28,28]","[3,28,28]","[3,28,28]","[3,28,28]","[3,28,28]","true","512","false","0.5","MMVAE","5","MMVAEConfig","","normal","2","","","","","","","","","","","","","","","","","","","","","","","","","","","","","","","","","","","","false","","0.98028"
"astral-night-379","finished","-","asenellart","","2023-06-07T16:07:31.000Z","260","","10","","1","","[""encoders"",""decoders"",""encoders"",""decoders""]","0.75","0.75","0.75","0.75","0.75","laplace","laplace","laplace","laplace","laplace","","[3,28,28]","[3,28,28]","[3,28,28]","[3,28,28]","[3,28,28]","true","512","false","0.2","MMVAE","5","MMVAEConfig","","normal","2","","","","","","","","","","","","","","","","","","","","","","","","","","","","","","","","","","","","false","","0.99017"
"eager-sun-377","finished","-","asenellart","","2023-06-07T16:07:30.000Z","252","","10","","1","","[""encoders"",""decoders"",""encoders"",""decoders""]","0.75","0.75","0.75","0.75","0.75","laplace","laplace","laplace","laplace","laplace","","[3,28,28]","[3,28,28]","[3,28,28]","[3,28,28]","[3,28,28]","false","512","false","0.2","MMVAE","5","MMVAEConfig","","normal","3","","","","","","","","","","","","","","","","","","","","","","","","","","","","","","","","","","","","false","","0.9982"
"zany-fire-378","finished","-","asenellart","","2023-06-07T16:07:30.000Z","287","","10","","1","","[""encoders"",""decoders"",""encoders"",""decoders""]","0.75","0.75","0.75","0.75","0.75","laplace","laplace","laplace","laplace","laplace","","[3,28,28]","[3,28,28]","[3,28,28]","[3,28,28]","[3,28,28]","false","512","false","0","MMVAE","5","MMVAEConfig","","normal","3","","","","","","","","","","","","","","","","","","","","","","","","","","","","","","","","","","","","false","","1"
"dazzling-darkness-376","finished","-","asenellart","","2023-06-07T16:07:30.000Z","160","","10","","1","","[""encoders"",""decoders"",""encoders"",""decoders""]","0.75","0.75","0.75","0.75","0.75","laplace","laplace","laplace","laplace","laplace","","[3,28,28]","[3,28,28]","[3,28,28]","[3,28,28]","[3,28,28]","false","512","false","0.2","MMVAE","5","MMVAEConfig","","normal","0","","","","","","","","","","","","","","","","","","","","","","","","","","","","","","","","","","","","false","","0.9983"
"eager-grass-375","finished","-","asenellart","","2023-06-07T16:07:30.000Z","162","","10","","1","","[""encoders"",""decoders"",""encoders"",""decoders""]","0.75","0.75","0.75","0.75","0.75","laplace","laplace","laplace","laplace","laplace","","[3,28,28]","[3,28,28]","[3,28,28]","[3,28,28]","[3,28,28]","false","512","false","0","MMVAE","5","MMVAEConfig","","normal","0","","","","","","","","","","","","","","","","","","","","","","","","","","","","","","","","","","","","false","","0.98987"
"brisk-dust-374","finished","-","asenellart","","2023-06-07T16:07:30.000Z","180","","10","","1","","[""encoders"",""decoders"",""encoders"",""decoders""]","0.75","0.75","0.75","0.75","0.75","laplace","laplace","laplace","laplace","laplace","","[3,28,28]","[3,28,28]","[3,28,28]","[3,28,28]","[3,28,28]","true","512","false","0.5","MMVAE","5","MMVAEConfig","","normal","0","","","","","","","","","","","","","","","","","","","","","","","","","","","","","","","","","","","","false","","0.9702700000000002"
"efficient-firebrand-373","finished","-","asenellart","","2023-06-07T16:07:29.000Z","170","","10","","1","","[""encoders"",""decoders"",""encoders"",""decoders""]","0.75","0.75","0.75","0.75","0.75","laplace","laplace","laplace","laplace","laplace","","[3,28,28]","[3,28,28]","[3,28,28]","[3,28,28]","[3,28,28]","false","512","false","0","MMVAE","5","MMVAEConfig","","normal","1","","","","","","","","","","","","","","","","","","","","","","","","","","","","","","","","","","","","false","","1"
"treasured-puddle-372","finished","-","asenellart","","2023-06-07T15:26:57.000Z","241","","","","","","[""dcca_networks"",""decoders"",""dcca_networks"",""decoders""]","0.75","0.75","0.75","0.75","0.75","laplace","laplace","laplace","laplace","laplace","20","[3,28,28]","[3,28,28]","[3,28,28]","[3,28,28]","[3,28,28]","false","512","","0.5","JNFDcca","5","JNFDccaConfig","200","","3","","","","","","","","","","","","","","","","","","","","","","","","","","","","","","","","","false","","","false","400","0.35313"
"zany-feather-371","finished","-","asenellart","","2023-06-07T15:26:32.000Z","328","","","","","","[""dcca_networks"",""decoders"",""dcca_networks"",""decoders""]","0.75","0.75","0.75","0.75","0.75","laplace","laplace","laplace","laplace","laplace","20","[3,28,28]","[3,28,28]","[3,28,28]","[3,28,28]","[3,28,28]","false","512","","0.2","JNFDcca","5","JNFDccaConfig","200","","3","","","","","","","","","","","","","","","","","","","","","","","","","","","","","","","","","false","","","false","400","0.54419"
"chocolate-oath-370","finished","-","asenellart","","2023-06-07T15:26:29.000Z","214","","","","","","[""dcca_networks"",""decoders"",""dcca_networks"",""decoders""]","0.75","0.75","0.75","0.75","0.75","laplace","laplace","laplace","laplace","laplace","20","[3,28,28]","[3,28,28]","[3,28,28]","[3,28,28]","[3,28,28]","false","512","","0","JNFDcca","5","JNFDccaConfig","200","","3","","","","","","","","","","","","","","","","","","","","","","","","","","","","","","","","","false","","","false","400","0.72017"
"ruby-totem-369","finished","-","asenellart","","2023-06-07T15:25:59.000Z","266","","","","","","[""dcca_networks"",""decoders"",""dcca_networks"",""decoders""]","0.75","0.75","0.75","0.75","0.75","laplace","laplace","laplace","laplace","laplace","20","[3,28,28]","[3,28,28]","[3,28,28]","[3,28,28]","[3,28,28]","false","512","","0.2","JNFDcca","5","JNFDccaConfig","200","","2","","","","","","","","","","","","","","","","","","","","","","","","","","","","","","","","","false","","","false","400","0.45484"
"soft-dust-367","finished","-","asenellart","","2023-06-07T15:25:58.000Z","251","","","","","","[""dcca_networks"",""decoders"",""dcca_networks"",""decoders""]","0.75","0.75","0.75","0.75","0.75","laplace","laplace","laplace","laplace","laplace","20","[3,28,28]","[3,28,28]","[3,28,28]","[3,28,28]","[3,28,28]","false","512","","0.5","JNFDcca","5","JNFDccaConfig","200","","2","","","","","","","","","","","","","","","","","","","","","","","","","","","","","","","","","false","","","false","400","0.37442"
"rosy-dawn-368","finished","-","asenellart","","2023-06-07T15:25:58.000Z","237","","","","","","[""dcca_networks"",""decoders"",""dcca_networks"",""decoders""]","0.75","0.75","0.75","0.75","0.75","laplace","laplace","laplace","laplace","laplace","20","[3,28,28]","[3,28,28]","[3,28,28]","[3,28,28]","[3,28,28]","false","512","","0","JNFDcca","5","JNFDccaConfig","200","","2","","","","","","","","","","","","","","","","","","","","","","","","","","","","","","","","","false","","","false","400","0.59571"
"stoic-forest-366","finished","-","asenellart","","2023-06-07T15:25:04.000Z","303","","","","","","[""dcca_networks"",""decoders"",""dcca_networks"",""decoders""]","0.75","0.75","0.75","0.75","0.75","laplace","laplace","laplace","laplace","laplace","20","[3,28,28]","[3,28,28]","[3,28,28]","[3,28,28]","[3,28,28]","false","512","","0","JNFDcca","5","JNFDccaConfig","200","","1","","","","","","","","","","","","","","","","","","","","","","","","","","","","","","","","","false","","","false","400","0.7195900000000001"
"electric-moon-365","finished","-","asenellart","","2023-06-07T15:25:01.000Z","343","","","","","","[""dcca_networks"",""decoders"",""dcca_networks"",""decoders""]","0.75","0.75","0.75","0.75","0.75","laplace","laplace","laplace","laplace","laplace","20","[3,28,28]","[3,28,28]","[3,28,28]","[3,28,28]","[3,28,28]","false","512","","0.5","JNFDcca","5","JNFDccaConfig","200","","1","","","","","","","","","","","","","","","","","","","","","","","","","","","","","","","","","false","","","false","400","0.37464"
"winter-universe-364","finished","-","asenellart","","2023-06-07T15:24:58.000Z","266","","","","","","[""dcca_networks"",""decoders"",""dcca_networks"",""decoders""]","0.75","0.75","0.75","0.75","0.75","laplace","laplace","laplace","laplace","laplace","20","[3,28,28]","[3,28,28]","[3,28,28]","[3,28,28]","[3,28,28]","false","512","","0.2","JNFDcca","5","JNFDccaConfig","200","","1","","","","","","","","","","","","","","","","","","","","","","","","","","","","","","","","","false","","","false","400","0.53442"
"fiery-cloud-363","finished","-","asenellart","","2023-06-07T15:23:58.000Z","275","","","","","","[""dcca_networks"",""decoders"",""dcca_networks"",""decoders""]","0.75","0.75","0.75","0.75","0.75","laplace","laplace","laplace","laplace","laplace","20","[3,28,28]","[3,28,28]","[3,28,28]","[3,28,28]","[3,28,28]","false","512","","0.5","JNFDcca","5","JNFDccaConfig","200","","0","","","","","","","","","","","","","","","","","","","","","","","","","","","","","","","","","false","","","false","400","0.31906"
"young-armadillo-362","finished","-","asenellart","","2023-06-07T15:23:29.000Z","415","","","","","","[""dcca_networks"",""decoders"",""dcca_networks"",""decoders""]","0.75","0.75","0.75","0.75","0.75","laplace","laplace","laplace","laplace","laplace","20","[3,28,28]","[3,28,28]","[3,28,28]","[3,28,28]","[3,28,28]","false","512","","0.2","JNFDcca","5","JNFDccaConfig","200","","0","","","","","","","","","","","","","","","","","","","","","","","","","","","","","","","","","false","","","false","400","0.55357"
"peachy-energy-361","finished","-","asenellart","","2023-06-07T15:23:28.000Z","229","","","","","","[""dcca_networks"",""decoders"",""dcca_networks"",""decoders""]","0.75","0.75","0.75","0.75","0.75","laplace","laplace","laplace","laplace","laplace","20","[3,28,28]","[3,28,28]","[3,28,28]","[3,28,28]","[3,28,28]","false","512","","0","JNFDcca","5","JNFDccaConfig","200","","0","","","","","","","","","","","","","","","","","","","","","","","","","","","","","","","","","false","","","false","400","0.73306"
"laced-frost-360","finished","-","asenellart","","2023-06-07T15:22:30.000Z","437","","","","","","[""encoders"",""decoders"",""encoders"",""decoders""]","0.75","0.75","0.75","0.75","0.75","laplace","laplace","laplace","laplace","laplace","","[3,28,28]","[3,28,28]","[3,28,28]","[3,28,28]","[3,28,28]","false","512","","0.5","JNF","5","JNFConfig","","","3","","","","","","","","","","","","","","","","","","","","","","","","","","","","","","","","","","","","false","400","0.41346"
"clean-star-359","finished","-","asenellart","","2023-06-07T15:22:29.000Z","328","","","","","","[""encoders"",""decoders"",""encoders"",""decoders""]","0.75","0.75","0.75","0.75","0.75","laplace","laplace","laplace","laplace","laplace","","[3,28,28]","[3,28,28]","[3,28,28]","[3,28,28]","[3,28,28]","false","512","","0.2","JNF","5","JNFConfig","","","3","","","","","","","","","","","","","","","","","","","","","","","","","","","","","","","","","","","","false","400","0.59975"
"charmed-totem-358","finished","-","asenellart","","2023-06-07T15:22:28.000Z","205","","","","","","[""encoders"",""decoders"",""encoders"",""decoders""]","0.75","0.75","0.75","0.75","0.75","laplace","laplace","laplace","laplace","laplace","","[3,28,28]","[3,28,28]","[3,28,28]","[3,28,28]","[3,28,28]","false","512","","0","JNF","5","JNFConfig","","","3","","","","","","","","","","","","","","","","","","","","","","","","","","","","","","","","","","","","false","400","0.87913"
"winter-sunset-357","finished","-","asenellart","","2023-06-07T15:21:40.000Z","295","","","","","","[""encoders"",""decoders"",""encoders"",""decoders""]","0.75","0.75","0.75","0.75","0.75","laplace","laplace","laplace","laplace","laplace","","[3,28,28]","[3,28,28]","[3,28,28]","[3,28,28]","[3,28,28]","false","512","","0","JNF","5","JNFConfig","","","2","","","","","","","","","","","","","","","","","","","","","","","","","","","","","","","","","","","","false","400","0.8456899999999999"
"driven-dew-356","finished","-","asenellart","","2023-06-07T15:21:29.000Z","234","","","","","","[""encoders"",""decoders"",""encoders"",""decoders""]","0.75","0.75","0.75","0.75","0.75","laplace","laplace","laplace","laplace","laplace","","[3,28,28]","[3,28,28]","[3,28,28]","[3,28,28]","[3,28,28]","false","512","","0.2","JNF","5","JNFConfig","","","2","","","","","","","","","","","","","","","","","","","","","","","","","","","","","","","","","","","","false","400","0.58999"
"vague-field-355","finished","-","asenellart","","2023-06-07T15:21:28.000Z","265","","","","","","[""encoders"",""decoders"",""encoders"",""decoders""]","0.75","0.75","0.75","0.75","0.75","laplace","laplace","laplace","laplace","laplace","","[3,28,28]","[3,28,28]","[3,28,28]","[3,28,28]","[3,28,28]","false","512","","0.5","JNF","5","JNFConfig","","","2","","","","","","","","","","","","","","","","","","","","","","","","","","","","","","","","","","","","false","400","0.42963000000000007"
"fluent-river-353","finished","-","asenellart","","2023-06-07T15:20:28.000Z","272","","","","","","[""encoders"",""decoders"",""encoders"",""decoders""]","0.75","0.75","0.75","0.75","0.75","laplace","laplace","laplace","laplace","laplace","","[3,28,28]","[3,28,28]","[3,28,28]","[3,28,28]","[3,28,28]","false","512","","0.5","JNF","5","JNFConfig","","","1","","","","","","","","","","","","","","","","","","","","","","","","","","","","","","","","","","","","false","400","0.4257"
"elated-thunder-353","finished","-","asenellart","","2023-06-07T15:20:28.000Z","271","","","","","","[""encoders"",""decoders"",""encoders"",""decoders""]","0.75","0.75","0.75","0.75","0.75","laplace","laplace","laplace","laplace","laplace","","[3,28,28]","[3,28,28]","[3,28,28]","[3,28,28]","[3,28,28]","false","512","","0.2","JNF","5","JNFConfig","","","1","","","","","","","","","","","","","","","","","","","","","","","","","","","","","","","","","","","","false","400","0.52796"
"smooth-lake-352","finished","-","asenellart","","2023-06-07T15:19:59.000Z","227","","","","","","[""encoders"",""decoders"",""encoders"",""decoders""]","0.75","0.75","0.75","0.75","0.75","laplace","laplace","laplace","laplace","laplace","","[3,28,28]","[3,28,28]","[3,28,28]","[3,28,28]","[3,28,28]","false","512","","0","JNF","5","JNFConfig","","","1","","","","","","","","","","","","","","","","","","","","","","","","","","","","","","","","","","","","false","400","0.7158300000000001"
"golden-pyramid-351","finished","-","asenellart","","2023-06-07T15:19:34.000Z","371","","","","","","[""encoders"",""decoders"",""encoders"",""decoders""]","0.75","0.75","0.75","0.75","0.75","laplace","laplace","laplace","laplace","laplace","","[3,28,28]","[3,28,28]","[3,28,28]","[3,28,28]","[3,28,28]","false","512","","0.5","JNF","5","JNFConfig","","","0","","","","","","","","","","","","","","","","","","","","","","","","","","","","","","","","","","","","false","400","0.26259"
"comic-paper-350","finished","-","asenellart","","2023-06-07T15:19:28.000Z","258","","","","","","[""encoders"",""decoders"",""encoders"",""decoders""]","0.75","0.75","0.75","0.75","0.75","laplace","laplace","laplace","laplace","laplace","","[3,28,28]","[3,28,28]","[3,28,28]","[3,28,28]","[3,28,28]","false","512","","0.2","JNF","5","JNFConfig","","","0","","","","","","","","","","","","","","","","","","","","","","","","","","","","","","","","","","","","false","400","0.5691499999999999"
"eternal-paper-349","finished","-","asenellart","","2023-06-07T15:18:59.000Z","290","","","","","","[""encoders"",""decoders"",""encoders"",""decoders""]","0.75","0.75","0.75","0.75","0.75","laplace","laplace","laplace","laplace","laplace","","[3,28,28]","[3,28,28]","[3,28,28]","[3,28,28]","[3,28,28]","false","512","","0","JNF","5","JNFConfig","","","0","","","","","","","","","","","","","","","","","","","","","","","","","","","","","","","","","","","","false","400","0.79767"
"clear-firefly-348","finished","-","asenellart","","2023-06-07T15:18:29.000Z","253","","","0.1","","","[""encoders"",""decoders"",""encoders"",""decoders""]","0.75","0.75","0.75","0.75","0.75","laplace","laplace","laplace","laplace","laplace","","[3,28,28]","[3,28,28]","[3,28,28]","[3,28,28]","[3,28,28]","false","512","","0.5","JMVAE","5","JMVAEConfig","","","3","","","","","","","","","","","","","","","","","","","","","","","","","","","","","","","","","","","","false","200","0.11257000000000002"
"curious-lion-347","finished","-","asenellart","","2023-06-07T15:18:02.000Z","379","","","0.1","","","[""encoders"",""decoders"",""encoders"",""decoders""]","0.75","0.75","0.75","0.75","0.75","laplace","laplace","laplace","laplace","laplace","","[3,28,28]","[3,28,28]","[3,28,28]","[3,28,28]","[3,28,28]","false","512","","0.2","JMVAE","5","JMVAEConfig","","","3","","","","","","","","","","","","","","","","","","","","","","","","","","","","","","","","","","","","false","200","0.56355"
"different-darkness-346","finished","-","asenellart","","2023-06-07T15:17:28.000Z","196","","","0.1","","","[""encoders"",""decoders"",""encoders"",""decoders""]","0.75","0.75","0.75","0.75","0.75","laplace","laplace","laplace","laplace","laplace","","[3,28,28]","[3,28,28]","[3,28,28]","[3,28,28]","[3,28,28]","false","512","","0","JMVAE","5","JMVAEConfig","","","3","","","","","","","","","","","","","","","","","","","","","","","","","","","","","","","","","","","","false","200","0.8251"
"northern-feather-345","finished","-","asenellart","","2023-06-07T15:16:58.000Z","242","","","0.1","","","[""encoders"",""decoders"",""encoders"",""decoders""]","0.75","0.75","0.75","0.75","0.75","laplace","laplace","laplace","laplace","laplace","","[3,28,28]","[3,28,28]","[3,28,28]","[3,28,28]","[3,28,28]","false","512","","0.5","JMVAE","5","JMVAEConfig","","","2","","","","","","","","","","","","","","","","","","","","","","","","","","","","","","","","","","","","false","200","0.18783"
"cosmic-glitter-344","finished","-","asenellart","","2023-06-07T15:16:58.000Z","234","","","0.1","","","[""encoders"",""decoders"",""encoders"",""decoders""]","0.75","0.75","0.75","0.75","0.75","laplace","laplace","laplace","laplace","laplace","","[3,28,28]","[3,28,28]","[3,28,28]","[3,28,28]","[3,28,28]","false","512","","0.2","JMVAE","5","JMVAEConfig","","","2","","","","","","","","","","","","","","","","","","","","","","","","","","","","","","","","","","","","false","200","0.5941600000000001"
"vibrant-glade-343","finished","-","asenellart","","2023-06-07T15:16:29.000Z","301","","","0.1","","","[""encoders"",""decoders"",""encoders"",""decoders""]","0.75","0.75","0.75","0.75","0.75","laplace","laplace","laplace","laplace","laplace","","[3,28,28]","[3,28,28]","[3,28,28]","[3,28,28]","[3,28,28]","false","512","","0","JMVAE","5","JMVAEConfig","","","2","","","","","","","","","","","","","","","","","","","","","","","","","","","","","","","","","","","","false","200","0.82248"
"logical-pine-342","finished","-","asenellart","","2023-06-07T15:15:59.000Z","391","","","0.1","","","[""encoders"",""decoders"",""encoders"",""decoders""]","0.75","0.75","0.75","0.75","0.75","laplace","laplace","laplace","laplace","laplace","","[3,28,28]","[3,28,28]","[3,28,28]","[3,28,28]","[3,28,28]","false","512","","0.5","JMVAE","5","JMVAEConfig","","","1","","","","","","","","","","","","","","","","","","","","","","","","","","","","","","","","","","","","false","200","0.17861999999999997"
"glamorous-plant-341","finished","-","asenellart","","2023-06-07T15:15:59.000Z","349","","","0.1","","","[""encoders"",""decoders"",""encoders"",""decoders""]","0.75","0.75","0.75","0.75","0.75","laplace","laplace","laplace","laplace","laplace","","[3,28,28]","[3,28,28]","[3,28,28]","[3,28,28]","[3,28,28]","false","512","","0.2","JMVAE","5","JMVAEConfig","","","1","","","","","","","","","","","","","","","","","","","","","","","","","","","","","","","","","","","","false","200","0.58265"
"dark-forest-340","finished","-","asenellart","","2023-06-07T15:15:57.000Z","202","","","0.1","","","[""encoders"",""decoders"",""encoders"",""decoders""]","0.75","0.75","0.75","0.75","0.75","laplace","laplace","laplace","laplace","laplace","","[3,28,28]","[3,28,28]","[3,28,28]","[3,28,28]","[3,28,28]","false","512","","0","JMVAE","5","JMVAEConfig","","","1","","","","","","","","","","","","","","","","","","","","","","","","","","","","","","","","","","","","false","200","0.8043299999999999"
"fearless-shadow-339","finished","-","asenellart","","2023-06-07T15:15:34.000Z","338","","","0.1","","","[""encoders"",""decoders"",""encoders"",""decoders""]","0.75","0.75","0.75","0.75","0.75","laplace","laplace","laplace","laplace","laplace","","[3,28,28]","[3,28,28]","[3,28,28]","[3,28,28]","[3,28,28]","false","512","","0.2","JMVAE","5","JMVAEConfig","","","0","","","","","","","","","","","","","","","","","","","","","","","","","","","","","","","","","","","","false","200","0.54867"
"olive-aardvark-338","finished","-","asenellart","","2023-06-07T15:15:29.000Z","236","","","0.1","","","[""encoders"",""decoders"",""encoders"",""decoders""]","0.75","0.75","0.75","0.75","0.75","laplace","laplace","laplace","laplace","laplace","","[3,28,28]","[3,28,28]","[3,28,28]","[3,28,28]","[3,28,28]","false","512","","0.5","JMVAE","5","JMVAEConfig","","","0","","","","","","","","","","","","","","","","","","","","","","","","","","","","","","","","","","","","false","200","0.19195"
"dashing-firefly-337","finished","-","asenellart","","2023-06-07T15:15:28.000Z","231","","","0.1","","","[""encoders"",""decoders"",""encoders"",""decoders""]","0.75","0.75","0.75","0.75","0.75","laplace","laplace","laplace","laplace","laplace","","[3,28,28]","[3,28,28]","[3,28,28]","[3,28,28]","[3,28,28]","false","512","","0","JMVAE","5","JMVAEConfig","","","0","","","","","","","","","","","","","","","","","","","","","","","","","","","","","","","","","","","","false","200","0.82111"
"misunderstood-bush-336","finished","-","asenellart","","2023-06-07T15:15:27.000Z","185","","","0.8333333333333334","2.5","","[""encoders"",""decoders"",""encoders"",""decoders""]","0.75","0.75","0.75","0.75","0.75","laplace","laplace","laplace","laplace","laplace","","[3,28,28]","[3,28,28]","[3,28,28]","[3,28,28]","[3,28,28]","true","512","","0.5","MVTCAE","5","MVTCAEConfig","","","3","","","","","","","","","","","","","","","","","","","","","","","","","","","","","","","","","","","","false","","0.94502"
"firm-dream-335","finished","-","asenellart","","2023-06-07T15:14:58.000Z","179","","","0.8333333333333334","2.5","","[""encoders"",""decoders"",""encoders"",""decoders""]","0.75","0.75","0.75","0.75","0.75","laplace","laplace","laplace","laplace","laplace","","[3,28,28]","[3,28,28]","[3,28,28]","[3,28,28]","[3,28,28]","true","512","","0.2","MVTCAE","5","MVTCAEConfig","","","3","","","","","","","","","","","","","","","","","","","","","","","","","","","","","","","","","","","","false","","0.96833"
"valiant-wind-334","finished","-","asenellart","","2023-06-07T15:14:32.000Z","280","","","0.8333333333333334","2.5","","[""encoders"",""decoders"",""encoders"",""decoders""]","0.75","0.75","0.75","0.75","0.75","laplace","laplace","laplace","laplace","laplace","","[3,28,28]","[3,28,28]","[3,28,28]","[3,28,28]","[3,28,28]","false","512","","0.5","MVTCAE","5","MVTCAEConfig","","","3","","","","","","","","","","","","","","","","","","","","","","","","","","","","","","","","","","","","false","","0.6273700000000001"
"pleasant-shape-333","finished","-","asenellart","","2023-06-07T15:14:02.000Z","192","","","0.8333333333333334","2.5","","[""encoders"",""decoders"",""encoders"",""decoders""]","0.75","0.75","0.75","0.75","0.75","laplace","laplace","laplace","laplace","laplace","","[3,28,28]","[3,28,28]","[3,28,28]","[3,28,28]","[3,28,28]","true","512","","0.2","MVTCAE","5","MVTCAEConfig","","","2","","","","","","","","","","","","","","","","","","","","","","","","","","","","","","","","","","","","false","","0.9983"
"bumbling-microwave-332","finished","-","asenellart","","2023-06-07T15:13:59.000Z","166","","","0.8333333333333334","2.5","","[""encoders"",""decoders"",""encoders"",""decoders""]","0.75","0.75","0.75","0.75","0.75","laplace","laplace","laplace","laplace","laplace","","[3,28,28]","[3,28,28]","[3,28,28]","[3,28,28]","[3,28,28]","true","512","","0.5","MVTCAE","5","MVTCAEConfig","","","2","","","","","","","","","","","","","","","","","","","","","","","","","","","","","","","","","","","","false","","0.93444"
"breezy-sea-331","finished","-","asenellart","","2023-06-07T15:13:59.000Z","256","","","0.8333333333333334","2.5","","[""encoders"",""decoders"",""encoders"",""decoders""]","0.75","0.75","0.75","0.75","0.75","laplace","laplace","laplace","laplace","laplace","","[3,28,28]","[3,28,28]","[3,28,28]","[3,28,28]","[3,28,28]","false","512","","0.2","MVTCAE","5","MVTCAEConfig","","","3","","","","","","","","","","","","","","","","","","","","","","","","","","","","","","","","","","","","false","","0.96853"
"effortless-sound-330","finished","-","asenellart","","2023-06-07T15:13:58.000Z","156","","","0.8333333333333334","2.5","","[""encoders"",""decoders"",""encoders"",""decoders""]","0.75","0.75","0.75","0.75","0.75","laplace","laplace","laplace","laplace","laplace","","[3,28,28]","[3,28,28]","[3,28,28]","[3,28,28]","[3,28,28]","false","512","","0","MVTCAE","5","MVTCAEConfig","","","3","","","","","","","","","","","","","","","","","","","","","","","","","","","","","","","","","","","","false","","0.97931"
"exalted-firefly-329","finished","-","asenellart","","2023-06-07T15:12:01.000Z","181","","","0.8333333333333334","2.5","","[""encoders"",""decoders"",""encoders"",""decoders""]","0.75","0.75","0.75","0.75","0.75","laplace","laplace","laplace","laplace","laplace","","[3,28,28]","[3,28,28]","[3,28,28]","[3,28,28]","[3,28,28]","false","512","","0.2","MVTCAE","5","MVTCAEConfig","","","2","","","","","","","","","","","","","","","","","","","","","","","","","","","","","","","","","","","","false","","0.93953"
"olive-breeze-328","finished","-","asenellart","","2023-06-07T15:11:57.000Z","210","","","0.8333333333333334","2.5","","[""encoders"",""decoders"",""encoders"",""decoders""]","0.75","0.75","0.75","0.75","0.75","laplace","laplace","laplace","laplace","laplace","","[3,28,28]","[3,28,28]","[3,28,28]","[3,28,28]","[3,28,28]","false","512","","0.5","MVTCAE","5","MVTCAEConfig","","","2","","","","","","","","","","","","","","","","","","","","","","","","","","","","","","","","","","","","false","","0.5723699999999999"
"vital-sunset-327","finished","-","asenellart","","2023-06-07T15:11:57.000Z","195","","","0.8333333333333334","2.5","","[""encoders"",""decoders"",""encoders"",""decoders""]","0.75","0.75","0.75","0.75","0.75","laplace","laplace","laplace","laplace","laplace","","[3,28,28]","[3,28,28]","[3,28,28]","[3,28,28]","[3,28,28]","false","512","","0","MVTCAE","5","MVTCAEConfig","","","2","","","","","","","","","","","","","","","","","","","","","","","","","","","","","","","","","","","","false","","0.96923"
"vocal-morning-325","finished","-","asenellart","","2023-06-07T15:11:28.000Z","206","","","0.8333333333333334","2.5","","[""encoders"",""decoders"",""encoders"",""decoders""]","0.75","0.75","0.75","0.75","0.75","laplace","laplace","laplace","laplace","laplace","","[3,28,28]","[3,28,28]","[3,28,28]","[3,28,28]","[3,28,28]","true","512","","0.5","MVTCAE","5","MVTCAEConfig","","","1","","","","","","","","","","","","","","","","","","","","","","","","","","","","","","","","","","","","false","","0.96443"
"generous-resonance-326","finished","-","asenellart","","2023-06-07T15:11:28.000Z","172","","","0.8333333333333334","2.5","","[""encoders"",""decoders"",""encoders"",""decoders""]","0.75","0.75","0.75","0.75","0.75","laplace","laplace","laplace","laplace","laplace","","[3,28,28]","[3,28,28]","[3,28,28]","[3,28,28]","[3,28,28]","true","512","","0.2","MVTCAE","5","MVTCAEConfig","","","1","","","","","","","","","","","","","","","","","","","","","","","","","","","","","","","","","","","","false","","0.97773"
"honest-cosmos-324","finished","-","asenellart","","2023-06-07T15:11:27.000Z","230","","","0.8333333333333334","2.5","","[""encoders"",""decoders"",""encoders"",""decoders""]","0.75","0.75","0.75","0.75","0.75","laplace","laplace","laplace","laplace","laplace","","[3,28,28]","[3,28,28]","[3,28,28]","[3,28,28]","[3,28,28]","false","512","","0.5","MVTCAE","5","MVTCAEConfig","","","1","","","","","","","","","","","","","","","","","","","","","","","","","","","","","","","","","","","","false","","0.6077199999999999"
"morning-snowball-323","finished","-","asenellart","","2023-06-07T15:11:02.000Z","173","","","0.8333333333333334","2.5","","[""encoders"",""decoders"",""encoders"",""decoders""]","0.75","0.75","0.75","0.75","0.75","laplace","laplace","laplace","laplace","laplace","","[3,28,28]","[3,28,28]","[3,28,28]","[3,28,28]","[3,28,28]","false","512","","0.2","MVTCAE","5","MVTCAEConfig","","","1","","","","","","","","","","","","","","","","","","","","","","","","","","","","","","","","","","","","false","","0.97795"
"still-forest-321","finished","-","asenellart","","2023-06-07T15:10:58.000Z","255","","","0.8333333333333334","2.5","","[""encoders"",""decoders"",""encoders"",""decoders""]","0.75","0.75","0.75","0.75","0.75","laplace","laplace","laplace","laplace","laplace","","[3,28,28]","[3,28,28]","[3,28,28]","[3,28,28]","[3,28,28]","false","512","","0","MVTCAE","5","MVTCAEConfig","","","1","","","","","","","","","","","","","","","","","","","","","","","","","","","","","","","","","","","","false","","0.9993"
"flowing-darkness-320","finished","-","asenellart","","2023-06-07T15:10:58.000Z","157","","","0.8333333333333334","2.5","","[""encoders"",""decoders"",""encoders"",""decoders""]","0.75","0.75","0.75","0.75","0.75","laplace","laplace","laplace","laplace","laplace","","[3,28,28]","[3,28,28]","[3,28,28]","[3,28,28]","[3,28,28]","false","512","","0.2","MVTCAE","5","MVTCAEConfig","","","0","","","","","","","","","","","","","","","","","","","","","","","","","","","","","","","","","","","","false","","0.96916"
"swept-pond-322","finished","-","asenellart","","2023-06-07T15:10:58.000Z","260","","","0.8333333333333334","2.5","","[""encoders"",""decoders"",""encoders"",""decoders""]","0.75","0.75","0.75","0.75","0.75","laplace","laplace","laplace","laplace","laplace","","[3,28,28]","[3,28,28]","[3,28,28]","[3,28,28]","[3,28,28]","true","512","","0.2","MVTCAE","5","MVTCAEConfig","","","0","","","","","","","","","","","","","","","","","","","","","","","","","","","","","","","","","","","","false","","0.95834"
"quiet-thunder-317","finished","-","asenellart","","2023-06-07T15:10:57.000Z","240","","","0.8333333333333334","2.5","","[""encoders"",""decoders"",""encoders"",""decoders""]","0.75","0.75","0.75","0.75","0.75","laplace","laplace","laplace","laplace","laplace","","[3,28,28]","[3,28,28]","[3,28,28]","[3,28,28]","[3,28,28]","false","512","","0.5","MVTCAE","5","MVTCAEConfig","","","0","","","","","","","","","","","","","","","","","","","","","","","","","","","","","","","","","","","","false","","0.59663"
"fiery-eon-315","finished","-","asenellart","","2023-06-07T15:10:57.000Z","160","","","0.8333333333333334","2.5","","[""encoders"",""decoders"",""encoders"",""decoders""]","0.75","0.75","0.75","0.75","0.75","laplace","laplace","laplace","laplace","laplace","","[3,28,28]","[3,28,28]","[3,28,28]","[3,28,28]","[3,28,28]","false","512","","0","MVTCAE","5","MVTCAEConfig","","","0","","","","","","","","","","","","","","","","","","","","","","","","","","","","","","","","","","","","false","","0.97917"
"skilled-cherry-318","finished","-","asenellart","","2023-06-07T15:10:57.000Z","268","","","0.8333333333333334","2.5","","[""encoders"",""decoders"",""encoders"",""decoders""]","0.75","0.75","0.75","0.75","0.75","laplace","laplace","laplace","laplace","laplace","","[3,28,28]","[3,28,28]","[3,28,28]","[3,28,28]","[3,28,28]","true","512","","0.5","MVTCAE","5","MVTCAEConfig","","","0","","","","","","","","","","","","","","","","","","","","","","","","","","","","","","","","","","","","false","","0.95475"
"volcanic-galaxy-296","finished","-","asenellart","","2023-06-07T15:08:57.000Z","286","","","","2.5","","[""encoders"",""decoders"",""encoders"",""decoders""]","0.75","0.75","0.75","0.75","0.75","laplace","laplace","laplace","laplace","laplace","","[3,28,28]","[3,28,28]","[3,28,28]","[3,28,28]","[3,28,28]","true","512","","0.5","MVAE","5","MVAEConfig","","","3","","","","","","","","","","","","","","","","","","","","","","","","","","","","","","","","","","","false","false","0","0.22813000000000003"
"frosty-lake-295","finished","-","asenellart","","2023-06-07T15:08:31.000Z","189","","","","2.5","","[""encoders"",""decoders"",""encoders"",""decoders""]","0.75","0.75","0.75","0.75","0.75","laplace","laplace","laplace","laplace","laplace","","[3,28,28]","[3,28,28]","[3,28,28]","[3,28,28]","[3,28,28]","true","512","","0.2","MVAE","5","MVAEConfig","","","3","","","","","","","","","","","","","","","","","","","","","","","","","","","","","","","","","","","false","false","0","0.9770600000000002"
"cosmic-bird-294","finished","-","asenellart","","2023-06-07T15:07:27.000Z","249","","","","2.5","","[""encoders"",""decoders"",""encoders"",""decoders""]","0.75","0.75","0.75","0.75","0.75","laplace","laplace","laplace","laplace","laplace","","[3,28,28]","[3,28,28]","[3,28,28]","[3,28,28]","[3,28,28]","false","512","","0.2","MVAE","5","MVAEConfig","","","3","","","","","","","","","","","","","","","","","","","","","","","","","","","","","","","","","","","true","false","0","0.6825299999999999"
"atomic-hill-293","finished","-","asenellart","","2023-06-07T15:07:26.000Z","255","","","","2.5","","[""encoders"",""decoders"",""encoders"",""decoders""]","0.75","0.75","0.75","0.75","0.75","laplace","laplace","laplace","laplace","laplace","","[3,28,28]","[3,28,28]","[3,28,28]","[3,28,28]","[3,28,28]","false","512","","0.5","MVAE","5","MVAEConfig","","","3","","","","","","","","","","","","","","","","","","","","","","","","","","","","","","","","","","","true","false","0","0.18202"
"wild-oath-292","finished","-","asenellart","","2023-06-07T15:06:58.000Z","194","","","","2.5","","[""encoders"",""decoders"",""encoders"",""decoders""]","0.75","0.75","0.75","0.75","0.75","laplace","laplace","laplace","laplace","laplace","","[3,28,28]","[3,28,28]","[3,28,28]","[3,28,28]","[3,28,28]","false","512","","0","MVAE","5","MVAEConfig","","","3","","","","","","","","","","","","","","","","","","","","","","","","","","","","","","","","","","","true","false","0","0.93864"
"vocal-plant-291","finished","-","asenellart","","2023-06-07T15:06:27.000Z","234","","","","2.5","","[""encoders"",""decoders"",""encoders"",""decoders""]","0.75","0.75","0.75","0.75","0.75","laplace","laplace","laplace","laplace","laplace","","[3,28,28]","[3,28,28]","[3,28,28]","[3,28,28]","[3,28,28]","false","512","","0.5","MVAE","5","MVAEConfig","","","2","","","","","","","","","","","","","","","","","","","","","","","","","","","","","","","","","","","true","false","0","0.39786"
"genial-tree-290","finished","-","asenellart","","2023-06-07T15:06:26.000Z","163","","","","2.5","","[""encoders"",""decoders"",""encoders"",""decoders""]","0.75","0.75","0.75","0.75","0.75","laplace","laplace","laplace","laplace","laplace","","[3,28,28]","[3,28,28]","[3,28,28]","[3,28,28]","[3,28,28]","true","512","","0.2","MVAE","5","MVAEConfig","","","2","","","","","","","","","","","","","","","","","","","","","","","","","","","","","","","","","","","false","false","0","0.94767"
"desert-armadillo-289","finished","-","asenellart","","2023-06-07T15:06:26.000Z","212","","","","2.5","","[""encoders"",""decoders"",""encoders"",""decoders""]","0.75","0.75","0.75","0.75","0.75","laplace","laplace","laplace","laplace","laplace","","[3,28,28]","[3,28,28]","[3,28,28]","[3,28,28]","[3,28,28]","true","512","","0.5","MVAE","5","MVAEConfig","","","2","","","","","","","","","","","","","","","","","","","","","","","","","","","","","","","","","","","false","false","0","0.90534"
"whole-leaf-288","finished","-","asenellart","","2023-06-07T15:05:57.000Z","287","","","","2.5","","[""encoders"",""decoders"",""encoders"",""decoders""]","0.75","0.75","0.75","0.75","0.75","laplace","laplace","laplace","laplace","laplace","","[3,28,28]","[3,28,28]","[3,28,28]","[3,28,28]","[3,28,28]","false","512","","0.2","MVAE","5","MVAEConfig","","","2","","","","","","","","","","","","","","","","","","","","","","","","","","","","","","","","","","","true","false","0","0.8371599999999999"
"gallant-frost-287","finished","-","asenellart","","2023-06-07T15:05:57.000Z","178","","","","2.5","","[""encoders"",""decoders"",""encoders"",""decoders""]","0.75","0.75","0.75","0.75","0.75","laplace","laplace","laplace","laplace","laplace","","[3,28,28]","[3,28,28]","[3,28,28]","[3,28,28]","[3,28,28]","false","512","","0","MVAE","5","MVAEConfig","","","2","","","","","","","","","","","","","","","","","","","","","","","","","","","","","","","","","","","true","false","0","0.7792899999999999"
"super-shape-286","finished","-","asenellart","","2023-06-07T15:05:57.000Z","191","","","","2.5","","[""encoders"",""decoders"",""encoders"",""decoders""]","0.75","0.75","0.75","0.75","0.75","laplace","laplace","laplace","laplace","laplace","","[3,28,28]","[3,28,28]","[3,28,28]","[3,28,28]","[3,28,28]","true","512","","0.5","MVAE","5","MVAEConfig","","","1","","","","","","","","","","","","","","","","","","","","","","","","","","","","","","","","","","","false","false","0","0.82887"
"major-field-285","finished","-","asenellart","","2023-06-07T15:04:57.000Z","263","","","","2.5","","[""encoders"",""decoders"",""encoders"",""decoders""]","0.75","0.75","0.75","0.75","0.75","laplace","laplace","laplace","laplace","laplace","","[3,28,28]","[3,28,28]","[3,28,28]","[3,28,28]","[3,28,28]","true","512","","0.2","MVAE","5","MVAEConfig","","","1","","","","","","","","","","","","","","","","","","","","","","","","","","","","","","","","","","","false","false","0","0.94975"
"genial-butterfly-284","finished","-","asenellart","","2023-06-07T15:04:32.000Z","221","","","","2.5","","[""encoders"",""decoders"",""encoders"",""decoders""]","0.75","0.75","0.75","0.75","0.75","laplace","laplace","laplace","laplace","laplace","","[3,28,28]","[3,28,28]","[3,28,28]","[3,28,28]","[3,28,28]","false","512","","0.2","MVAE","5","MVAEConfig","","","1","","","","","","","","","","","","","","","","","","","","","","","","","","","","","","","","","","","true","false","0","0.6898"
"desert-energy-283","finished","-","asenellart","","2023-06-07T15:04:30.000Z","311","","","","2.5","","[""encoders"",""decoders"",""encoders"",""decoders""]","0.75","0.75","0.75","0.75","0.75","laplace","laplace","laplace","laplace","laplace","","[3,28,28]","[3,28,28]","[3,28,28]","[3,28,28]","[3,28,28]","false","512","","0.5","MVAE","5","MVAEConfig","","","1","","","","","","","","","","","","","","","","","","","","","","","","","","","","","","","","","","","true","false","0","0.21751"
"comfy-firefly-282","finished","-","asenellart","","2023-06-07T15:03:56.000Z","290","","","","2.5","","[""encoders"",""decoders"",""encoders"",""decoders""]","0.75","0.75","0.75","0.75","0.75","laplace","laplace","laplace","laplace","laplace","","[3,28,28]","[3,28,28]","[3,28,28]","[3,28,28]","[3,28,28]","false","512","","0","MVAE","5","MVAEConfig","","","1","","","","","","","","","","","","","","","","","","","","","","","","","","","","","","","","","","","true","false","0","0.82412"
"unique-plant-281","finished","-","asenellart","","2023-06-07T15:03:27.000Z","166","","","","2.5","","[""encoders"",""decoders"",""encoders"",""decoders""]","0.75","0.75","0.75","0.75","0.75","laplace","laplace","laplace","laplace","laplace","","[3,28,28]","[3,28,28]","[3,28,28]","[3,28,28]","[3,28,28]","true","512","","0.2","MVAE","5","MVAEConfig","","","0","","","","","","","","","","","","","","","","","","","","","","","","","","","","","","","","","","","false","false","0","0.9659"
"crisp-valley-280","finished","-","asenellart","","2023-06-07T15:03:26.000Z","306","","","","2.5","","[""encoders"",""decoders"",""encoders"",""decoders""]","0.75","0.75","0.75","0.75","0.75","laplace","laplace","laplace","laplace","laplace","","[3,28,28]","[3,28,28]","[3,28,28]","[3,28,28]","[3,28,28]","true","512","","0.5","MVAE","5","MVAEConfig","","","0","","","","","","","","","","","","","","","","","","","","","","","","","","","","","","","","","","","false","false","0","0.5228100000000001"
"feasible-butterfly-279","finished","-","asenellart","","2023-06-07T15:02:56.000Z","249","","","","2.5","","[""encoders"",""decoders"",""encoders"",""decoders""]","0.75","0.75","0.75","0.75","0.75","laplace","laplace","laplace","laplace","laplace","","[3,28,28]","[3,28,28]","[3,28,28]","[3,28,28]","[3,28,28]","false","512","","0.5","MVAE","5","MVAEConfig","","","0","","","","","","","","","","","","","","","","","","","","","","","","","","","","","","","","","","","true","false","0","0.27887999999999996"
"cool-lake-277","finished","-","asenellart","","2023-06-07T15:02:27.000Z","207","","","","2.5","","[""encoders"",""decoders"",""encoders"",""decoders""]","0.75","0.75","0.75","0.75","0.75","laplace","laplace","laplace","laplace","laplace","","[3,28,28]","[3,28,28]","[3,28,28]","[3,28,28]","[3,28,28]","false","512","","0.2","MVAE","5","MVAEConfig","","","0","","","","","","","","","","","","","","","","","","","","","","","","","","","","","","","","","","","true","false","0","0.5524899999999999"
"stoic-dawn-278","finished","-","asenellart","","2023-06-07T15:02:27.000Z","183","","","","2.5","","[""encoders"",""decoders"",""encoders"",""decoders""]","0.75","0.75","0.75","0.75","0.75","laplace","laplace","laplace","laplace","laplace","","[3,28,28]","[3,28,28]","[3,28,28]","[3,28,28]","[3,28,28]","false","512","","0","MVAE","5","MVAEConfig","","","0","","","","","","","","","","","","","","","","","","","","","","","","","","","","","","","","","","","true","false","0","0.88092"