"Name","model_config.name","keep_incomplete","model_config.learn_modality_prior","datasets","ID","MFD_label_0","MFD_label_1","MFD_label_2","MFD_label_3","MFD_label_4","MFD_label_5","MFD_label_6","MFD_label_7","MFD_label_8","MFD_label_9","['audio'] reconstruction error (MSE)","['audio'] reconstruction error (SSIM)","['image'] reconstruction error (MSE)","['image'] reconstruction error (SSIM)","mean_coherence_1","mean_coherence_1_class_0","mean_coherence_1_class_1","mean_coherence_1_class_2","mean_coherence_1_class_3","mean_coherence_1_class_4","mean_coherence_1_class_5","mean_coherence_1_class_6","mean_coherence_1_class_7","mean_coherence_1_class_8","mean_coherence_1_class_9","mean_coherence_2","mean_coherence_2_class_0","mean_coherence_2_class_1","mean_coherence_2_class_2","mean_coherence_2_class_3","mean_coherence_2_class_4","mean_coherence_2_class_5","mean_coherence_2_class_6","mean_coherence_2_class_7","mean_coherence_2_class_8","mean_coherence_2_class_9","joint_coherence_prior"
"sunny-hill-125","MVAEConfig","true","","{'train_set': {'_target_': 'multivae.data.datasets.mhd.MHD', 'datapath': '/home/asenella/scratch/data/MHD', 'split': 'train', 'modalities': ['audio', 'image', 'trajectory'], 'missing_probabilities': {'image': [0.0, 0.0, 0.0, 0.0, 0.0, 0.0, 0.0, 0.0, 0.0, 0.0], 'audio': [0.1, 0.17777778, 0.25555556, 0.33333333, 0.41111111, 0.48888889, 0.56666667, 0.64444444, 0.72222222, 0.8], 'trajectory': [0.3, 0.31111111, 0.32222222, 0.33333333, 0.34444444, 0.35555556, 0.36666667, 0.37777778, 0.38888889, 0.4]}, 'keep_incomplete': '${keep_incomplete}'}, 'test_set': {'_target_': 'multivae.data.datasets.mhd.MHD', 'datapath': '/home/asenella/scratch/data/MHD', 'split': 'test', 'modalities': ['audio', 'image', 'trajectory']}}","7mgi4zmd","4.90070715489719","3.228831690882425","5.049211943891091","2.880799231020412","3.9435198928853015","3.68252907710132","3.278781707121272","5.227755760297708","5.221865267315035","4.377717131632426","17.22876739501953","0.5507937073707581","5.426019191741943","0.8720697164535522","0.5078333020210266","0.5243332982063293","0.562333345413208","0.5489999651908875","0.5180000066757202","0.4973333775997162","0.45116662979125977","0.6111666560173035","0.4816667139530182","0.5173333287239075","0.3660000264644623","0.7833333611488342","0.8176667094230652","0.827666699886322","0.8230000138282776","0.793999969959259","0.7803333401679993","0.7426666617393494","0.8676666617393494","0.7593333721160889","0.812333345413208","0.6086666584014893","0.520799994468689"
"lucky-firebrand-122","MVAEConfig","true","","{'train_set': {'_target_': 'multivae.data.datasets.mhd.MHD', 'datapath': '/home/asenella/scratch/data/MHD', 'split': 'train', 'modalities': ['audio', 'image', 'trajectory'], 'missing_probabilities': {'image': [0.0, 0.0, 0.0, 0.0, 0.0, 0.0, 0.0, 0.0, 0.0, 0.0], 'audio': [0.1, 0.17777778, 0.25555556, 0.33333333, 0.41111111, 0.48888889, 0.56666667, 0.64444444, 0.72222222, 0.8], 'trajectory': [0.3, 0.31111111, 0.32222222, 0.33333333, 0.34444444, 0.35555556, 0.36666667, 0.37777778, 0.38888889, 0.4]}, 'keep_incomplete': '${keep_incomplete}'}, 'test_set': {'_target_': 'multivae.data.datasets.mhd.MHD', 'datapath': '/home/asenella/scratch/data/MHD', 'split': 'test', 'modalities': ['audio', 'image', 'trajectory']}}","oflk6is8","4.664277797906894","3.3331480583327284","4.4605884909547155","2.2820614041148426","3.9400523735507216","3.824341042892817","3.390024154591509","5.800238269446287","6.079260949297018","4.010019371191776","17.37721824645996","0.546928882598877","5.31940221786499","0.8760849833488464","0.527733325958252","0.5568333268165588","0.5603333115577698","0.6136666536331177","0.5351666808128357","0.5791666507720947","0.49816665053367615","0.5736666321754456","0.45466670393943787","0.492666631937027","0.4129999876022339","0.7977666854858398","0.8480000495910645","0.8263333439826965","0.8600000739097595","0.7916666865348816","0.809333324432373","0.7786666750907898","0.8610000610351562","0.7326666712760925","0.7696666717529297","0.7003333568572998","0.5544999837875366"
"fragrant-dawn-122","MVAEConfig","true","","{'train_set': {'_target_': 'multivae.data.datasets.mhd.MHD', 'datapath': '/home/asenella/scratch/data/MHD', 'split': 'train', 'modalities': ['audio', 'image', 'trajectory'], 'missing_probabilities': {'image': [0.0, 0.0, 0.0, 0.0, 0.0, 0.0, 0.0, 0.0, 0.0, 0.0], 'audio': [0.1, 0.17777778, 0.25555556, 0.33333333, 0.41111111, 0.48888889, 0.56666667, 0.64444444, 0.72222222, 0.8], 'trajectory': [0.3, 0.31111111, 0.32222222, 0.33333333, 0.34444444, 0.35555556, 0.36666667, 0.37777778, 0.38888889, 0.4]}, 'keep_incomplete': '${keep_incomplete}'}, 'test_set': {'_target_': 'multivae.data.datasets.mhd.MHD', 'datapath': '/home/asenella/scratch/data/MHD', 'split': 'test', 'modalities': ['audio', 'image', 'trajectory']}}","93hji2zi","4.960189683220626","3.8565997182482983","4.8105134661347835","2.951669013962439","4.194271591459084","3.587490985684256","3.838009724198165","6.229335409808229","5.333460860960713","3.2561706465504","17.371910095214844","0.5486965179443359","5.254183292388916","0.8756360411643982","0.514633297920227","0.575666606426239","0.5168333649635315","0.5616666674613953","0.5138333439826965","0.5356666445732117","0.4676666557788849","0.6023333072662354","0.42633333802223206","0.5038333535194397","0.4424999952316284","0.7959333062171936","0.8606666922569275","0.8143332600593567","0.8339999318122864","0.7823333144187927","0.8180000185966492","0.7460000514984131","0.8623332977294922","0.7113333344459534","0.7986666560173035","0.731666624546051","0.5442999601364136"
"cosmic-puddle-122","MVAEConfig","true","","{'train_set': {'_target_': 'multivae.data.datasets.mhd.MHD', 'datapath': '/home/asenella/scratch/data/MHD', 'split': 'train', 'modalities': ['audio', 'image', 'trajectory'], 'missing_probabilities': {'image': [0.0, 0.0, 0.0, 0.0, 0.0, 0.0, 0.0, 0.0, 0.0, 0.0], 'audio': [0.1, 0.17777778, 0.25555556, 0.33333333, 0.41111111, 0.48888889, 0.56666667, 0.64444444, 0.72222222, 0.8], 'trajectory': [0.3, 0.31111111, 0.32222222, 0.33333333, 0.34444444, 0.35555556, 0.36666667, 0.37777778, 0.38888889, 0.4]}, 'keep_incomplete': '${keep_incomplete}'}, 'test_set': {'_target_': 'multivae.data.datasets.mhd.MHD', 'datapath': '/home/asenella/scratch/data/MHD', 'split': 'test', 'modalities': ['audio', 'image', 'trajectory']}}","87hyt7kk","4.879003935618987","3.5781401941646065","4.306848045583552","2.680978055417013","3.803925302961728","3.5822878594122316","2.5454277886764487","5.234932064630106","5.384223488675533","3.455236092572751","17.334930419921875","0.5483656525611877","5.312066555023193","0.8753659129142761","0.5281500220298767","0.5381667017936707","0.562333345413208","0.5938333868980408","0.5400000214576721","0.5481666922569275","0.45616665482521057","0.6586666703224182","0.47633329033851624","0.5248332619667053","0.3830000162124634","0.7912333607673645","0.8333333134651184","0.828000009059906","0.8606666922569275","0.8133333325386047","0.8110000491142273","0.747333288192749","0.8713333010673523","0.7560000419616699","0.8006666302680969","0.5906667113304138","0.5340999960899353"
"apricot-violet-120","MVTCAEConfig","true","","{'train_set': {'_target_': 'multivae.data.datasets.mhd.MHD', 'datapath': '/home/asenella/scratch/data/MHD', 'split': 'train', 'modalities': ['audio', 'image', 'trajectory'], 'missing_probabilities': {'image': [0.0, 0.0, 0.0, 0.0, 0.0, 0.0, 0.0, 0.0, 0.0, 0.0], 'audio': [0.1, 0.17777778, 0.25555556, 0.33333333, 0.41111111, 0.48888889, 0.56666667, 0.64444444, 0.72222222, 0.8], 'trajectory': [0.3, 0.31111111, 0.32222222, 0.33333333, 0.34444444, 0.35555556, 0.36666667, 0.37777778, 0.38888889, 0.4]}, 'keep_incomplete': '${keep_incomplete}'}, 'test_set': {'_target_': 'multivae.data.datasets.mhd.MHD', 'datapath': '/home/asenella/scratch/data/MHD', 'split': 'test', 'modalities': ['audio', 'image', 'trajectory']}}","zb275uk2","0.7406410270359264","0.8405369511042142","1.1321774330864978","0.6382974911381388","0.9509188781331108","0.7298178155005213","1.2782858125895646","1.1922732764569086","2.3551650528044177","1.0142045285082837","14.101480484008787","0.5910189747810364","4.574880599975586","0.8941475749015808","0.7861499786376953","0.8821666836738586","0.800166666507721","0.8434999585151672","0.800000011920929","0.8113333582878113","0.8073332905769348","0.800166666507721","0.7176666259765625","0.7199999690055847","0.6791666150093079","0.9393666386604308","0.9890000224113464","0.9256666302680968","0.9686667323112488","0.944000005722046","0.9670000076293944","0.9519999623298644","0.9516666531562804","0.9146666526794434","0.9163333773612976","0.8646666407585144","0.40289998054504395"
"dazzling-sun-119","MVTCAEConfig","true","","{'train_set': {'_target_': 'multivae.data.datasets.mhd.MHD', 'datapath': '/home/asenella/scratch/data/MHD', 'split': 'train', 'modalities': ['audio', 'image', 'trajectory'], 'missing_probabilities': {'image': [0.0, 0.0, 0.0, 0.0, 0.0, 0.0, 0.0, 0.0, 0.0, 0.0], 'audio': [0.1, 0.17777778, 0.25555556, 0.33333333, 0.41111111, 0.48888889, 0.56666667, 0.64444444, 0.72222222, 0.8], 'trajectory': [0.3, 0.31111111, 0.32222222, 0.33333333, 0.34444444, 0.35555556, 0.36666667, 0.37777778, 0.38888889, 0.4]}, 'keep_incomplete': '${keep_incomplete}'}, 'test_set': {'_target_': 'multivae.data.datasets.mhd.MHD', 'datapath': '/home/asenella/scratch/data/MHD', 'split': 'test', 'modalities': ['audio', 'image', 'trajectory']}}","4lp520xr","0.9445467314160686","1.0193983076820996","1.2385036905662432","0.795790419285215","0.9286461110409602","0.9394529536952808","1.6212718977482174","1.4070772292267246","2.2970092367643313","1.2263031284562629","13.994476318359377","0.5904242396354675","4.661834239959717","0.8927170634269714","0.7731833457946777","0.8448333740234375","0.7758333683013916","0.8243333697319031","0.8263333439826965","0.825333297252655","0.7731666564941406","0.7901666760444641","0.672666609287262","0.7213333249092102","0.6778333187103271","0.9368667006492616","0.978333294391632","0.9386666417121888","0.9690000414848328","0.9479999542236328","0.9670000076293944","0.943666696548462","0.9453333020210266","0.9066666960716248","0.919333279132843","0.8526666760444641","0.3862999975681305"
"solar-mountain-118","MVTCAEConfig","true","","{'train_set': {'_target_': 'multivae.data.datasets.mhd.MHD', 'datapath': '/home/asenella/scratch/data/MHD', 'split': 'train', 'modalities': ['audio', 'image', 'trajectory'], 'missing_probabilities': {'image': [0.0, 0.0, 0.0, 0.0, 0.0, 0.0, 0.0, 0.0, 0.0, 0.0], 'audio': [0.1, 0.17777778, 0.25555556, 0.33333333, 0.41111111, 0.48888889, 0.56666667, 0.64444444, 0.72222222, 0.8], 'trajectory': [0.3, 0.31111111, 0.32222222, 0.33333333, 0.34444444, 0.35555556, 0.36666667, 0.37777778, 0.38888889, 0.4]}, 'keep_incomplete': '${keep_incomplete}'}, 'test_set': {'_target_': 'multivae.data.datasets.mhd.MHD', 'datapath': '/home/asenella/scratch/data/MHD', 'split': 'test', 'modalities': ['audio', 'image', 'trajectory']}}","gt1ff93v","0.7760219244942308","0.8512619133419296","1.1849931765331017","0.7535419326920824","1.1824175061273012","0.9143694732616257","1.439276389286441","0.8860745344130974","2.074201791439963","0.9784611050520337","14.179563522338867","0.5903009176254272","4.631235599517822","0.8913049101829529","0.779083251953125","0.8766666054725647","0.7760000228881836","0.8358333706855774","0.809166669845581","0.8029999732971191","0.7923333048820496","0.8048334121704102","0.7198333740234375","0.7183334231376648","0.6548333168029785","0.937566578388214","0.984333336353302","0.9340000152587892","0.9649999737739564","0.9610000252723694","0.9670000076293944","0.9536666870117188","0.9606666564941406","0.9120000004768372","0.9183333516120912","0.8196666836738586","0.37619999051094055"
"sleek-salad-118","MVTCAEConfig","true","","{'train_set': {'_target_': 'multivae.data.datasets.mhd.MHD', 'datapath': '/home/asenella/scratch/data/MHD', 'split': 'train', 'modalities': ['audio', 'image', 'trajectory'], 'missing_probabilities': {'image': [0.0, 0.0, 0.0, 0.0, 0.0, 0.0, 0.0, 0.0, 0.0, 0.0], 'audio': [0.1, 0.17777778, 0.25555556, 0.33333333, 0.41111111, 0.48888889, 0.56666667, 0.64444444, 0.72222222, 0.8], 'trajectory': [0.3, 0.31111111, 0.32222222, 0.33333333, 0.34444444, 0.35555556, 0.36666667, 0.37777778, 0.38888889, 0.4]}, 'keep_incomplete': '${keep_incomplete}'}, 'test_set': {'_target_': 'multivae.data.datasets.mhd.MHD', 'datapath': '/home/asenella/scratch/data/MHD', 'split': 'test', 'modalities': ['audio', 'image', 'trajectory']}}","29qqzg9e","0.9524173492551786","0.7230153388736026","1.270907320498195","0.8563684514370141","0.9199230572691708","0.9378335693501916","1.6925912062516228","1.2985921650495509","2.3850361580788904","1.2102218217257317","14.07412815093994","0.5920066833496094","4.517335414886475","0.8949259519577026","0.7783500552177429","0.8411666750907898","0.8136666417121887","0.8416666984558105","0.8268333077430725","0.8188333511352539","0.7910000681877136","0.7795000076293945","0.7046666741371155","0.7163333296775818","0.6498333215713501","0.9363999366760254","0.9796667098999025","0.9473333358764648","0.9736666679382324","0.9609999656677246","0.9629999995231628","0.944000005722046","0.9413332939147948","0.9230000376701356","0.9089999794960022","0.8220000267028809","0.3649999797344208"
"bumbling-dew-107","MoPoEConfig","false","","{'train_set': {'_target_': 'multivae.data.datasets.mhd.MHD', 'datapath': '/home/asenella/scratch/data/MHD', 'split': 'train', 'modalities': ['audio', 'image', 'trajectory'], 'missing_probabilities': {'image': [0.0, 0.0, 0.0, 0.0, 0.0, 0.0, 0.0, 0.0, 0.0, 0.0], 'audio': [0.1, 0.17777778, 0.25555556, 0.33333333, 0.41111111, 0.48888889, 0.56666667, 0.64444444, 0.72222222, 0.8], 'trajectory': [0.3, 0.31111111, 0.32222222, 0.33333333, 0.34444444, 0.35555556, 0.36666667, 0.37777778, 0.38888889, 0.4]}, 'keep_incomplete': '${keep_incomplete}'}, 'test_set': {'_target_': 'multivae.data.datasets.mhd.MHD', 'datapath': '/home/asenella/scratch/data/MHD', 'split': 'test', 'modalities': ['audio', 'image', 'trajectory']}}","ouuihkf7","6.588358200824673","5.908772202782255","8.09511137943632","6.92536210341073","6.443330644869237","7.3299462335400625","7.1411632555143365","6.739387954335841","11.070393880480175","7.413297804947861","15.767115592956545","0.5655800104141235","7.4718780517578125","0.8258780241012573","0.7137333750724792","0.8661666512489319","0.737500011920929","0.8546667098999023","0.7364999651908875","0.7783333659172058","0.7225000262260437","0.8211666941642761","0.5843333601951599","0.6235000491142273","0.4126666784286499","0.8764333724975586","0.9803333282470704","0.8519999980926514","0.956333339214325","0.9263333678245544","0.9589999318122864","0.9246666431427002","0.9456666111946106","0.8039999604225159","0.7863333821296692","0.6296666264533997","0.3718000054359436"
"dutiful-sound-105","MoPoEConfig","true","","{'train_set': {'_target_': 'multivae.data.datasets.mhd.MHD', 'datapath': '/home/asenella/scratch/data/MHD', 'split': 'train', 'modalities': ['audio', 'image', 'trajectory'], 'missing_probabilities': {'image': [0.0, 0.0, 0.0, 0.0, 0.0, 0.0, 0.0, 0.0, 0.0, 0.0], 'audio': [0.1, 0.17777778, 0.25555556, 0.33333333, 0.41111111, 0.48888889, 0.56666667, 0.64444444, 0.72222222, 0.8], 'trajectory': [0.3, 0.31111111, 0.32222222, 0.33333333, 0.34444444, 0.35555556, 0.36666667, 0.37777778, 0.38888889, 0.4]}, 'keep_incomplete': '${keep_incomplete}'}, 'test_set': {'_target_': 'multivae.data.datasets.mhd.MHD', 'datapath': '/home/asenella/scratch/data/MHD', 'split': 'test', 'modalities': ['audio', 'image', 'trajectory']}}","eiuy0bhn","7.394832382674299","6.7013155063927705","8.870901836420833","7.088949169986468","6.706149765593368","7.795449712474734","7.199472676864514","5.91690982625902","10.576148406777","6.354369752278282","15.117090225219728","0.5800862312316895","5.597074031829834","0.8677606582641602","0.7952333092689514","0.9059999585151672","0.8136666417121887","0.8881666660308838","0.8081666827201843","0.7921667098999023","0.8080000281333923","0.8519999980926514","0.7690000534057617","0.749833345413208","0.5653333067893982","0.9233999848365784","0.9893333315849304","0.930999994277954","0.9730000495910645","0.9546666741371156","0.9800000190734864","0.94433331489563","0.9636666774749756","0.9103333353996276","0.8699999451637268","0.7176666259765625","0.4490000009536743"
"robust-brook-102","MoPoEConfig","true","","{'train_set': {'_target_': 'multivae.data.datasets.mhd.MHD', 'datapath': '/home/asenella/scratch/data/MHD', 'split': 'train', 'modalities': ['audio', 'image', 'trajectory'], 'missing_probabilities': {'image': [0.0, 0.0, 0.0, 0.0, 0.0, 0.0, 0.0, 0.0, 0.0, 0.0], 'audio': [0.1, 0.17777778, 0.25555556, 0.33333333, 0.41111111, 0.48888889, 0.56666667, 0.64444444, 0.72222222, 0.8], 'trajectory': [0.3, 0.31111111, 0.32222222, 0.33333333, 0.34444444, 0.35555556, 0.36666667, 0.37777778, 0.38888889, 0.4]}, 'keep_incomplete': '${keep_incomplete}'}, 'test_set': {'_target_': 'multivae.data.datasets.mhd.MHD', 'datapath': '/home/asenella/scratch/data/MHD', 'split': 'test', 'modalities': ['audio', 'image', 'trajectory']}}","mfp7ku31","7.446142972486952","6.711069044605175","8.609489857729054","7.20771659662258","6.784020881060651","7.585930630384695","7.216706049788706","6.126851606026973","10.711939788854442","6.373114395368208","15.04821491241455","0.5804372429847717","5.68174934387207","0.8676062226295471","0.7955000400543213","0.8851666450500488","0.8299999833106995","0.8968333601951599","0.8053333163261414","0.800166666507721","0.7863333821296692","0.875666618347168","0.7356666922569275","0.7831667065620422","0.5566666722297668","0.9238333106040956","0.984666645526886","0.940666675567627","0.959000051021576","0.9556666016578674","0.9719999432563782","0.9336666464805604","0.9580000042915344","0.8959999680519104","0.9386666417121888","0.699999988079071","0.4584999978542328"
"warm-moon-102","MoPoEConfig","true","","{'train_set': {'_target_': 'multivae.data.datasets.mhd.MHD', 'datapath': '/home/asenella/scratch/data/MHD', 'split': 'train', 'modalities': ['audio', 'image', 'trajectory'], 'missing_probabilities': {'image': [0.0, 0.0, 0.0, 0.0, 0.0, 0.0, 0.0, 0.0, 0.0, 0.0], 'audio': [0.1, 0.17777778, 0.25555556, 0.33333333, 0.41111111, 0.48888889, 0.56666667, 0.64444444, 0.72222222, 0.8], 'trajectory': [0.3, 0.31111111, 0.32222222, 0.33333333, 0.34444444, 0.35555556, 0.36666667, 0.37777778, 0.38888889, 0.4]}, 'keep_incomplete': '${keep_incomplete}'}, 'test_set': {'_target_': 'multivae.data.datasets.mhd.MHD', 'datapath': '/home/asenella/scratch/data/MHD', 'split': 'test', 'modalities': ['audio', 'image', 'trajectory']}}","cy7pia5u","7.160838568271526","6.542973004650363","8.856682369749734","7.02431696252029","6.847312381187323","7.56385469401433","6.964214868069456","6.284331069422248","10.4203502955785","6.208958424526552","15.285340309143066","0.5793938636779785","5.553718566894531","0.8700078129768372","0.79708331823349","0.8951666951179504","0.812833309173584","0.9021666646003724","0.7821666598320007","0.799333393573761","0.7733333706855774","0.8398333191871643","0.7534999847412109","0.8460000157356262","0.5665000081062317","0.9264333844184875","0.9853333830833436","0.9233333468437196","0.9660000205039978","0.9483332633972168","0.9790000319480896","0.9326665997505188","0.9576666355133056","0.9140000343322754","0.946000039577484","0.7120000720024109","0.4578999876976013"
"drawn-dust-102","MoPoEConfig","true","","{'train_set': {'_target_': 'multivae.data.datasets.mhd.MHD', 'datapath': '/home/asenella/scratch/data/MHD', 'split': 'train', 'modalities': ['audio', 'image', 'trajectory'], 'missing_probabilities': {'image': [0.0, 0.0, 0.0, 0.0, 0.0, 0.0, 0.0, 0.0, 0.0, 0.0], 'audio': [0.1, 0.17777778, 0.25555556, 0.33333333, 0.41111111, 0.48888889, 0.56666667, 0.64444444, 0.72222222, 0.8], 'trajectory': [0.3, 0.31111111, 0.32222222, 0.33333333, 0.34444444, 0.35555556, 0.36666667, 0.37777778, 0.38888889, 0.4]}, 'keep_incomplete': '${keep_incomplete}'}, 'test_set': {'_target_': 'multivae.data.datasets.mhd.MHD', 'datapath': '/home/asenella/scratch/data/MHD', 'split': 'test', 'modalities': ['audio', 'image', 'trajectory']}}","85jawihz","7.970015277265816","6.815822271296448","8.909529452201957","7.495426556372394","7.051984628859173","8.042679126548444","7.2818038116862756","6.386498671762966","11.42622521590318","6.778866434596185","15.160795211791992","0.579027533531189","5.571844577789307","0.8715043663978577","0.7947499752044678","0.8954999446868896","0.796833336353302","0.8999999165534973","0.827833354473114","0.796500027179718","0.7786666750907898","0.8503333926200867","0.7620000243186951","0.7861666679382324","0.5536666512489319","0.922166645526886","0.9896667003631592","0.9160000681877136","0.9693333506584167","0.949999988079071","0.981333315372467","0.9336667060852052","0.9566667079925536","0.8886666297912598","0.9206666946411132","0.7156667113304138","0.45659998059272766"
"gentle-pine-103","MMVAEPlusConfig","true","true","{'train_set': {'_target_': 'multivae.data.datasets.mhd.MHD', 'datapath': '/home/asenella/scratch/data/MHD', 'split': 'train', 'modalities': ['audio', 'image', 'trajectory'], 'missing_probabilities': {'image': [0.0, 0.0, 0.0, 0.0, 0.0, 0.0, 0.0, 0.0, 0.0, 0.0], 'audio': [0.1, 0.17777778, 0.25555556, 0.33333333, 0.41111111, 0.48888889, 0.56666667, 0.64444444, 0.72222222, 0.8], 'trajectory': [0.3, 0.31111111, 0.32222222, 0.33333333, 0.34444444, 0.35555556, 0.36666667, 0.37777778, 0.38888889, 0.4]}, 'keep_incomplete': '${keep_incomplete}'}, 'test_set': {'_target_': 'multivae.data.datasets.mhd.MHD', 'datapath': '/home/asenella/scratch/data/MHD', 'split': 'test', 'modalities': ['audio', 'image', 'trajectory']}}","0ata0yw1","6.233750286576771","4.802236977441276","6.037189078969758","4.907084465336563","5.2268016782292355","6.505442298422795","6.5120327827670135","5.452809472144346","9.597779067732294","6.195910595734657","33.10044479370117","0.5288055539131165","12.382378578186035","0.6937182545661926","0.6971499919891357","0.8333333134651184","0.7381666302680969","0.7873333096504211","0.7213333249092102","0.8173334002494812","0.6935000419616699","0.7441666722297668","0.6779999732971191","0.4995000064373016","0.4588333368301392","0.687666654586792","0.8353333473205566","0.7213333249092102","0.765333354473114","0.7166666984558105","0.809666633605957","0.6866666674613953","0.7353333830833435","0.6786666512489319","0.4833333492279053","0.4443333148956299","0.2848999798297882"
"youthful-aardvark-96","MMVAEConfig","true","","{'train_set': {'_target_': 'multivae.data.datasets.mhd.MHD', 'datapath': '/home/asenella/scratch/data/MHD', 'split': 'train', 'modalities': ['audio', 'image', 'trajectory'], 'missing_probabilities': {'image': [0.0, 0.0, 0.0, 0.0, 0.0, 0.0, 0.0, 0.0, 0.0, 0.0], 'audio': [0.1, 0.17777778, 0.25555556, 0.33333333, 0.41111111, 0.48888889, 0.56666667, 0.64444444, 0.72222222, 0.8], 'trajectory': [0.3, 0.31111111, 0.32222222, 0.33333333, 0.34444444, 0.35555556, 0.36666667, 0.37777778, 0.38888889, 0.4]}, 'keep_incomplete': '${keep_incomplete}'}, 'test_set': {'_target_': 'multivae.data.datasets.mhd.MHD', 'datapath': '/home/asenella/scratch/data/MHD', 'split': 'test', 'modalities': ['audio', 'image', 'trajectory']}}","m684jcmj","5.8456311902522415","3.930317241164098","6.555788083436701","5.319375340053614","5.185186374078442","5.7949054510563345","5.7841838720762695","4.792306210870736","10.257730558212014","5.981605146988517","23.888015747070312","0.520877480506897","16.702152252197266","0.5835956335067749","0.652816653251648","0.8376666903495789","0.7446667551994324","0.796833336353302","0.6293333172798157","0.7431666851043701","0.5788333415985107","0.735166609287262","0.577333390712738","0.4889999926090241","0.3961666822433472","0.6434666514396667","0.815000057220459","0.734666645526886","0.7926666736602783","0.6246666312217712","0.7393333315849304","0.5653333067893982","0.7226667404174805","0.5713333487510681","0.4736666679382324","0.39533331990242","0.3604999780654907"
"rich-rain-95","MMVAEConfig","true","","{'train_set': {'_target_': 'multivae.data.datasets.mhd.MHD', 'datapath': '/home/asenella/scratch/data/MHD', 'split': 'train', 'modalities': ['audio', 'image', 'trajectory'], 'missing_probabilities': {'image': [0.0, 0.0, 0.0, 0.0, 0.0, 0.0, 0.0, 0.0, 0.0, 0.0], 'audio': [0.1, 0.17777778, 0.25555556, 0.33333333, 0.41111111, 0.48888889, 0.56666667, 0.64444444, 0.72222222, 0.8], 'trajectory': [0.3, 0.31111111, 0.32222222, 0.33333333, 0.34444444, 0.35555556, 0.36666667, 0.37777778, 0.38888889, 0.4]}, 'keep_incomplete': '${keep_incomplete}'}, 'test_set': {'_target_': 'multivae.data.datasets.mhd.MHD', 'datapath': '/home/asenella/scratch/data/MHD', 'split': 'test', 'modalities': ['audio', 'image', 'trajectory']}}","2l8py84k","6.235893359074898","4.654914019060218","7.566774709132813","6.481493162135598","6.092535381145422","6.280866421190451","6.33461864477648","5.536576331053626","11.252223687643175","7.012233269704233","23.628137588500977","0.5114145874977112","17.28362274169922","0.5861831307411194","0.6173500418663025","0.8173334002494812","0.7626667022705078","0.7720000147819519","0.4983333349227905","0.7226666808128357","0.5486666560173035","0.6923332810401917","0.5828333497047424","0.43333330750465393","0.34333336353302","0.6098333597183228","0.8143332600593567","0.7583333849906921","0.7490000128746033","0.49833330512046814","0.7116666436195374","0.5493333339691162","0.690666675567627","0.5706666707992554","0.4276666641235352","0.3283333480358124","0.2937999963760376"
"usual-night-94","MMVAEConfig","true","","{'train_set': {'_target_': 'multivae.data.datasets.mhd.MHD', 'datapath': '/home/asenella/scratch/data/MHD', 'split': 'train', 'modalities': ['audio', 'image', 'trajectory'], 'missing_probabilities': {'image': [0.0, 0.0, 0.0, 0.0, 0.0, 0.0, 0.0, 0.0, 0.0, 0.0], 'audio': [0.1, 0.17777778, 0.25555556, 0.33333333, 0.41111111, 0.48888889, 0.56666667, 0.64444444, 0.72222222, 0.8], 'trajectory': [0.3, 0.31111111, 0.32222222, 0.33333333, 0.34444444, 0.35555556, 0.36666667, 0.37777778, 0.38888889, 0.4]}, 'keep_incomplete': '${keep_incomplete}'}, 'test_set': {'_target_': 'multivae.data.datasets.mhd.MHD', 'datapath': '/home/asenella/scratch/data/MHD', 'split': 'test', 'modalities': ['audio', 'image', 'trajectory']}}","w82raesp","6.533769234366259","4.583494402387675","6.859598560473414","5.90976940376859","5.736790245704173","6.50862872763453","6.727687112437598","4.915634963448697","11.05491650372776","6.7129259551966225","23.81608009338379","0.5228355526924133","17.08754539489746","0.574219822883606","0.645883321762085","0.8241667151451111","0.7581666111946106","0.8258333206176758","0.6570000052452087","0.7393333315849304","0.5276666879653931","0.6458333134651184","0.6176666617393494","0.4661666452884674","0.3969999849796295","0.6387333273887634","0.8243333697319031","0.7516666054725647","0.7986666560173035","0.6579999923706055","0.7293334007263184","0.515666663646698","0.6439999938011169","0.6100000143051147","0.4586666822433472","0.3969999849796295","0.34869998693466187"
"snowy-donkey-93","MMVAEConfig","true","","{'train_set': {'_target_': 'multivae.data.datasets.mhd.MHD', 'datapath': '/home/asenella/scratch/data/MHD', 'split': 'train', 'modalities': ['audio', 'image', 'trajectory'], 'missing_probabilities': {'image': [0.0, 0.0, 0.0, 0.0, 0.0, 0.0, 0.0, 0.0, 0.0, 0.0], 'audio': [0.1, 0.17777778, 0.25555556, 0.33333333, 0.41111111, 0.48888889, 0.56666667, 0.64444444, 0.72222222, 0.8], 'trajectory': [0.3, 0.31111111, 0.32222222, 0.33333333, 0.34444444, 0.35555556, 0.36666667, 0.37777778, 0.38888889, 0.4]}, 'keep_incomplete': '${keep_incomplete}'}, 'test_set': {'_target_': 'multivae.data.datasets.mhd.MHD', 'datapath': '/home/asenella/scratch/data/MHD', 'split': 'test', 'modalities': ['audio', 'image', 'trajectory']}}","6ai4zipd","6.898911723204001","4.50706432290329","7.090295116584099","5.99444462868572","5.738993609338584","6.805459821995688","6.672865548871058","5.341421650624949","11.470795173609856","6.55700532043698","24.783891677856445","0.5167801380157471","16.99091148376465","0.5819204449653625","0.6041000485420227","0.768833339214325","0.6635000109672546","0.7436666488647461","0.5351666808128357","0.6811666488647461","0.5303333401679993","0.7024999260902405","0.5723333358764648","0.4478333294391632","0.3956666886806488","0.5921333432197571","0.7703332901000977","0.6540000438690186","0.7119999527931213","0.5353333353996277","0.6730000376701355","0.5016666650772095","0.7093332409858704","0.5723333358764648","0.4229999780654907","0.3703333139419556","0.271699994802475"
"earnest-sun-91","MMVAEPlusConfig","true","true","{'train_set': {'_target_': 'multivae.data.datasets.mhd.MHD', 'datapath': '/home/asenella/scratch/data/MHD', 'split': 'train', 'modalities': ['audio', 'image', 'trajectory'], 'missing_probabilities': {'image': [0.0, 0.0, 0.0, 0.0, 0.0, 0.0, 0.0, 0.0, 0.0, 0.0], 'audio': [0.1, 0.17777778, 0.25555556, 0.33333333, 0.41111111, 0.48888889, 0.56666667, 0.64444444, 0.72222222, 0.8], 'trajectory': [0.3, 0.31111111, 0.32222222, 0.33333333, 0.34444444, 0.35555556, 0.36666667, 0.37777778, 0.38888889, 0.4]}, 'keep_incomplete': '${keep_incomplete}'}, 'test_set': {'_target_': 'multivae.data.datasets.mhd.MHD', 'datapath': '/home/asenella/scratch/data/MHD', 'split': 'test', 'modalities': ['audio', 'image', 'trajectory']}}","l89bnowz","6.635128216406279","5.007457574407168","6.610887437241288","5.468250339193122","5.616703154794604","6.7934679846967505","6.904225484526696","6.091458841951737","9.798410422944256","6.714016467745976","27.583036422729492","0.5301921963691711","12.745528221130373","0.6785086393356323","0.6757333278656006","0.8554999828338623","0.6963333487510681","0.8193333148956299","0.6331666111946106","0.8006666302680969","0.6561666131019592","0.7713333964347839","0.5720000267028809","0.5210000276565552","0.4318333566188812","0.6707000732421875","0.8449999690055847","0.6869999766349792","0.8086667060852051","0.6323333382606506","0.8003333210945129","0.6573333144187927","0.7626667022705078","0.5663333535194397","0.5209999680519104","0.42633333802223206","0.24809999763965607"
"golden-frog-90","MMVAEPlusConfig","true","true","{'train_set': {'_target_': 'multivae.data.datasets.mhd.MHD', 'datapath': '/home/asenella/scratch/data/MHD', 'split': 'train', 'modalities': ['audio', 'image', 'trajectory'], 'missing_probabilities': {'image': [0.0, 0.0, 0.0, 0.0, 0.0, 0.0, 0.0, 0.0, 0.0, 0.0], 'audio': [0.1, 0.17777778, 0.25555556, 0.33333333, 0.41111111, 0.48888889, 0.56666667, 0.64444444, 0.72222222, 0.8], 'trajectory': [0.3, 0.31111111, 0.32222222, 0.33333333, 0.34444444, 0.35555556, 0.36666667, 0.37777778, 0.38888889, 0.4]}, 'keep_incomplete': '${keep_incomplete}'}, 'test_set': {'_target_': 'multivae.data.datasets.mhd.MHD', 'datapath': '/home/asenella/scratch/data/MHD', 'split': 'test', 'modalities': ['audio', 'image', 'trajectory']}}","2ni8e0ik","5.401132450692977","3.9148363560678736","5.816868246440175","4.762176616684205","4.599127547254916","5.732960368885679","5.788543489429479","4.850696609277812","9.174172796491256","5.900392404677217","21.68810272216797","0.5326861143112183","12.810672760009766","0.6881988048553467","0.7003833651542664","0.856333315372467","0.7921667098999023","0.8023333549499512","0.7365000247955322","0.8218333125114441","0.6644999980926514","0.7491666674613953","0.6246666312217712","0.5398333668708801","0.4165000021457672","0.6968666911125183","0.8480000495910645","0.7880000472068787","0.8026666641235352","0.7426667213439941","0.8203333020210266","0.6650000214576721","0.7413333058357239","0.6159999966621399","0.5270000100135803","0.4176666736602783","0.32330000400543213"
"whole-wind-88","MMVAEPlusConfig","true","true","{'train_set': {'_target_': 'multivae.data.datasets.mhd.MHD', 'datapath': '/home/asenella/scratch/data/MHD', 'split': 'train', 'modalities': ['audio', 'image', 'trajectory'], 'missing_probabilities': {'image': [0.0, 0.0, 0.0, 0.0, 0.0, 0.0, 0.0, 0.0, 0.0, 0.0], 'audio': [0.1, 0.17777778, 0.25555556, 0.33333333, 0.41111111, 0.48888889, 0.56666667, 0.64444444, 0.72222222, 0.8], 'trajectory': [0.3, 0.31111111, 0.32222222, 0.33333333, 0.34444444, 0.35555556, 0.36666667, 0.37777778, 0.38888889, 0.4]}, 'keep_incomplete': '${keep_incomplete}'}, 'test_set': {'_target_': 'multivae.data.datasets.mhd.MHD', 'datapath': '/home/asenella/scratch/data/MHD', 'split': 'test', 'modalities': ['audio', 'image', 'trajectory']}}","k702cul8","6.122131116102836","5.0076379674174305","6.807117098071517","5.521723233906577","5.1129545861270085","6.650854620284696","6.699907710202973","6.104472245921553","9.971316533897372","6.892899863326449","28.08698272705078","0.5216454863548279","12.086337089538574","0.6975936889648438","0.688849925994873","0.8633332848548889","0.7188332676887512","0.7551667094230652","0.7574999928474426","0.8436666131019592","0.687999963760376","0.7639999985694885","0.5548333525657654","0.4973333179950714","0.44583332538604736","0.6820666790008545","0.8586666584014893","0.7173333168029785","0.737333357334137","0.7569999694824219","0.8376666903495789","0.7093333601951599","0.7516666054725647","0.5486666560173035","0.4703333377838135","0.4326666593551636","0.2694999873638153"
"faithful-glade-85","MMVAEPlusConfig","false","true","{'train_set': {'_target_': 'multivae.data.datasets.mhd.MHD', 'datapath': '/home/asenella/scratch/data/MHD', 'split': 'train', 'modalities': ['audio', 'image', 'trajectory']}, 'test_set': {'_target_': 'multivae.data.datasets.mhd.MHD', 'datapath': '/home/asenella/scratch/data/MHD', 'split': 'test', 'modalities': ['audio', 'image', 'trajectory']}}","a9eusl8i","4.270476439024054","3.598742898266055","4.938940409894356","3.803370378877728","3.910837204344995","4.226509344536976","5.027981288850429","3.6345413978020455","7.9191186987155024","4.101081130242799","21.73080062866211","0.5221924185752869","9.558856964111328","0.748899519443512","0.7502999901771545","0.7856666445732117","0.6546667218208313","0.8145000338554382","0.7239999771118164","0.8499999642372131","0.7885000109672546","0.7998332977294922","0.7560000419616699","0.7208333015441895","0.6089999675750732","0.7433333396911621","0.7636666893959045","0.6483333706855774","0.8013333678245544","0.706000030040741","0.8450000286102295","0.7726666927337646","0.8019999861717224","0.7689999938011169","0.7253333926200867","0.5999999642372131","0.29019999504089355"
"splendid-sunset-84","MMVAEPlusConfig","false","true","{'train_set': {'_target_': 'multivae.data.datasets.mhd.MHD', 'datapath': '/home/asenella/scratch/data/MHD', 'split': 'train', 'modalities': ['audio', 'image', 'trajectory']}, 'test_set': {'_target_': 'multivae.data.datasets.mhd.MHD', 'datapath': '/home/asenella/scratch/data/MHD', 'split': 'test', 'modalities': ['audio', 'image', 'trajectory']}}","uqaj2rmu","3.787394635246908","3.5290650196509983","4.964057101166145","3.814870497690809","3.7853338801951137","4.086465025890298","4.845105055740237","4.009938666941375","8.050221259170788","4.03523064573708","22.5320987701416","0.5214441418647766","9.646282196044922","0.7558203339576721","0.7333332896232605","0.8106667399406433","0.7013333439826965","0.8058333396911621","0.6481666564941406","0.8199999928474426","0.7745000720024109","0.8220000267028809","0.7043333053588867","0.7021666169166565","0.544333279132843","0.722599983215332","0.8053333163261414","0.6956666111946106","0.7870000004768372","0.6376667022705078","0.8100000023841858","0.7506666779518127","0.8173332810401917","0.6893332600593567","0.6990000605583191","0.5339999794960022","0.2854999899864197"
"zesty-planet-83","MMVAEPlusConfig","false","true","{'train_set': {'_target_': 'multivae.data.datasets.mhd.MHD', 'datapath': '/home/asenella/scratch/data/MHD', 'split': 'train', 'modalities': ['audio', 'image', 'trajectory']}, 'test_set': {'_target_': 'multivae.data.datasets.mhd.MHD', 'datapath': '/home/asenella/scratch/data/MHD', 'split': 'test', 'modalities': ['audio', 'image', 'trajectory']}}","iyodji5a","3.39440491611393","2.9933712367982745","4.005300714371259","2.965289066891472","2.9240052797631884","3.425396357828314","3.957292221284303","2.9489819808919475","6.621447952920832","3.4080420338245547","19.724365234375","0.537877082824707","8.986942291259766","0.7792667746543884","0.8067999482154846","0.8408333659172058","0.7781667113304138","0.8729999661445618","0.7644999623298645","0.8423333168029785","0.8011667132377625","0.8526666760444641","0.8469999432563782","0.793666660785675","0.674666702747345","0.8000666499137878","0.8386666774749756","0.7720000147819519","0.8463333249092102","0.7549999356269836","0.8316666483879089","0.7856667041778564","0.8573333621025085","0.8440000414848328","0.7950000166893005","0.675000011920929","0.4081999957561493"
"toasty-gorge-81","MVTCAEConfig","false","","{'train_set': {'_target_': 'multivae.data.datasets.mhd.MHD', 'datapath': '/home/asenella/scratch/data/MHD', 'split': 'train', 'modalities': ['audio', 'image', 'trajectory']}, 'test_set': {'_target_': 'multivae.data.datasets.mhd.MHD', 'datapath': '/home/asenella/scratch/data/MHD', 'split': 'test', 'modalities': ['audio', 'image', 'trajectory']}}","20qdfif1","0.9172836914165212","0.9428424179320366","1.0861639500732494","0.6821637073965748","1.1176500580213236","0.8252425852776016","1.3522495674899104","1.2232226888413409","1.6616246480380643","0.6850860380482551","14.53000259399414","0.5865674018859863","6.350799083709717","0.8479297161102295","0.7869000434875488","0.8495000004768372","0.7543333172798157","0.824999988079071","0.7926666140556335","0.8018333315849304","0.7816666960716248","0.8050000071525574","0.7226666808128357","0.7793333530426025","0.7569999694824219","0.9411333203315736","0.9760000109672546","0.8959999680519104","0.955666720867157","0.9389999508857728","0.9626666903495787","0.9473333358764648","0.9609999656677246","0.9129999279975892","0.9613333344459534","0.8993332982063293","0.343999981880188"
"revived-plasma-80","MVTCAEConfig","false","","{'train_set': {'_target_': 'multivae.data.datasets.mhd.MHD', 'datapath': '/home/asenella/scratch/data/MHD', 'split': 'train', 'modalities': ['audio', 'image', 'trajectory']}, 'test_set': {'_target_': 'multivae.data.datasets.mhd.MHD', 'datapath': '/home/asenella/scratch/data/MHD', 'split': 'test', 'modalities': ['audio', 'image', 'trajectory']}}","7s3hped1","1.056076092464897","0.9610356654666904","1.284530506990123","0.6812626973674617","1.302540760225274","0.9175479072868123","1.5556062096370942","1.1350266445150063","2.009229113341697","0.8849380907553209","14.661676406860352","0.5857849717140198","6.319303035736084","0.8497596383094788","0.7679333090782166","0.8053333163261414","0.7309999465942383","0.8351666331291199","0.7713333964347839","0.7885000109672546","0.7584999203681946","0.7818333506584167","0.7278332710266113","0.7655000686645508","0.7143333554267883","0.939500093460083","0.9656667113304138","0.9136666655540466","0.955666720867157","0.937666654586792","0.9566666483879088","0.940666675567627","0.9546666145324708","0.9219999313354492","0.959666669368744","0.8886666297912598","0.32199999690055847"
"glad-dragon-79","MVTCAEConfig","false","","{'train_set': {'_target_': 'multivae.data.datasets.mhd.MHD', 'datapath': '/home/asenella/scratch/data/MHD', 'split': 'train', 'modalities': ['audio', 'image', 'trajectory']}, 'test_set': {'_target_': 'multivae.data.datasets.mhd.MHD', 'datapath': '/home/asenella/scratch/data/MHD', 'split': 'test', 'modalities': ['audio', 'image', 'trajectory']}}","ksfs0092","1.3385380080443976","0.9875671138404218","1.1751439557906915","0.8576179727989991","1.1785816890342429","0.8317804007627677","1.6821919654097253","1.0946747190949375","1.9391731153468883","0.7010523485602024","14.689740180969238","0.5844023823738098","6.384521961212158","0.8491693139076233","0.7634167075157166","0.7876666188240051","0.7208333015441895","0.824833333492279","0.7355000376701355","0.7948333621025085","0.7518332600593567","0.7726666331291199","0.7271666526794434","0.7720000147819519","0.746833324432373","0.9343666434288024","0.9673333168029784","0.9059999585151672","0.9476666450500488","0.919333279132843","0.9600000381469728","0.9296666979789734","0.956333339214325","0.9243333339691162","0.949999988079071","0.8829999566078186","0.29429998993873596"
"celestial-blaze-78","MVTCAEConfig","false","","{'train_set': {'_target_': 'multivae.data.datasets.mhd.MHD', 'datapath': '/home/asenella/scratch/data/MHD', 'split': 'train', 'modalities': ['audio', 'image', 'trajectory']}, 'test_set': {'_target_': 'multivae.data.datasets.mhd.MHD', 'datapath': '/home/asenella/scratch/data/MHD', 'split': 'test', 'modalities': ['audio', 'image', 'trajectory']}}","045fjzll","1.004043898561241","1.2172174562180171","1.2367236983945569","0.7764898531359417","1.2348514567181266","1.1500586515173996","1.433530995509935","0.9724577188129132","1.8665229800043108","0.794762603776106","14.692469596862791","0.5855533480644226","6.072500228881836","0.8582416772842407","0.773349940776825","0.8241667151451111","0.703000009059906","0.7988333702087402","0.7705000042915344","0.7911666035652161","0.7326666712760925","0.8189999461174011","0.735333263874054","0.8104999661445618","0.7483332753181458","0.9410667419433594","0.9696666598320008","0.8970000147819519","0.9570000171661376","0.9363333582878112","0.9626666903495787","0.9383333325386048","0.9623332619667052","0.9163333773612976","0.9606666564941406","0.9103333353996276","0.3154999911785126"
"charmed-dust-77","MMVAEPlusConfig","false","true","{'train_set': {'_target_': 'multivae.data.datasets.mhd.MHD', 'datapath': '/home/asenella/scratch/data/MHD', 'split': 'train', 'modalities': ['audio', 'image', 'trajectory']}, 'test_set': {'_target_': 'multivae.data.datasets.mhd.MHD', 'datapath': '/home/asenella/scratch/data/MHD', 'split': 'test', 'modalities': ['audio', 'image', 'trajectory']}}","kdc80n2r","3.029458056961461","3.195524661022127","4.3725621284538745","3.0347353693394252","2.8502121010226493","3.510208975324255","3.951963471931929","2.8781260511655207","6.598634982374896","3.3393556983348907","18.63833999633789","0.5416833162307739","8.756826400756836","0.7862285375595093","0.8161166310310364","0.8951666951179504","0.7835000157356262","0.8393332958221436","0.7481666207313538","0.8871666789054871","0.8273332715034485","0.862500011920929","0.8433333039283752","0.7804999947547913","0.6941666603088379","0.8095666766166687","0.8913333415985107","0.7593333125114441","0.8346666693687439","0.749666690826416","0.8836666941642761","0.8133333325386047","0.8696667551994324","0.8370000720024109","0.7676666378974915","0.6893332600593567","0.42899999022483826"
"different-wave-75","MMVAEConfig","false","","{'train_set': {'_target_': 'multivae.data.datasets.mhd.MHD', 'datapath': '/home/asenella/scratch/data/MHD', 'split': 'train', 'modalities': ['audio', 'image', 'trajectory']}, 'test_set': {'_target_': 'multivae.data.datasets.mhd.MHD', 'datapath': '/home/asenella/scratch/data/MHD', 'split': 'test', 'modalities': ['audio', 'image', 'trajectory']}}","ell65s6v","4.144750905947726","3.505723325753662","5.341928541489259","3.682402616924886","3.972081630911198","4.004482608419368","4.849859972494961","3.2347339968478246","8.615467930498395","4.1202580264048185","20.67804718017578","0.5207147598266602","13.69333267211914","0.6649606227874756","0.7324166297912598","0.815333366394043","0.6966667175292969","0.7868332862854004","0.612166702747345","0.7990000247955322","0.7208333015441895","0.8258333206176758","0.7761666774749756","0.6975000500679016","0.5938332676887512","0.7216666340827942","0.8173334002494812","0.6783332824707031","0.7956666946411133","0.5966666340827942","0.793999969959259","0.6956667304039001","0.809666633605957","0.7643333077430725","0.6783333420753479","0.5866666436195374","0.3750999867916107"
"eager-dew-73","MVAEConfig","false","","{'train_set': {'_target_': 'multivae.data.datasets.mhd.MHD', 'datapath': '/home/asenella/scratch/data/MHD', 'split': 'train', 'modalities': ['audio', 'image', 'trajectory']}, 'test_set': {'_target_': 'multivae.data.datasets.mhd.MHD', 'datapath': '/home/asenella/scratch/data/MHD', 'split': 'test', 'modalities': ['audio', 'image', 'trajectory']}}","105o0iia","4.563925541544518","3.294236422833571","6.491062515219114","3.734987029141264","4.101833293930535","3.433906653301578","7.876098228684633","4.632420020729511","5.077697359019675","4.181969071468767","14.70632266998291","0.5833948850631714","5.462045192718506","0.8697004914283752","0.4004333317279816","0.4600000083446502","0.39399996399879456","0.4193333685398102","0.3631666600704193","0.4413333237171173","0.31299999356269836","0.28066667914390564","0.41216668486595154","0.5040000081062317","0.4166666567325592","0.5917999744415283","0.6610000133514404","0.562999963760376","0.5929999947547913","0.5979999899864197","0.6380000114440918","0.4906666576862335","0.4636666476726532","0.6416666507720947","0.6916666030883789","0.577333390712738","0.2075999975204468"
"grateful-mountain-72","MVAEConfig","false","","{'train_set': {'_target_': 'multivae.data.datasets.mhd.MHD', 'datapath': '/home/asenella/scratch/data/MHD', 'split': 'train', 'modalities': ['audio', 'image', 'trajectory']}, 'test_set': {'_target_': 'multivae.data.datasets.mhd.MHD', 'datapath': '/home/asenella/scratch/data/MHD', 'split': 'test', 'modalities': ['audio', 'image', 'trajectory']}}","ebbh3se6","5.599237025687969","3.659335676671665","3.861933080070076","3.590243970204595","4.461818589262533","3.8769312700778817","9.961788853951392","4.990564570886545","4.6278175309662775","3.2996126303132276","14.79108428955078","0.5823612809181213","5.512297630310059","0.8681473731994629","0.4107832908630371","0.4090000092983246","0.3595000207424164","0.5615000128746033","0.3661666810512543","0.3884999752044678","0.3256666660308838","0.320333331823349","0.3871666491031647","0.5673333406448364","0.42266666889190674","0.6082333922386169","0.6206666827201843","0.5883333086967468","0.7616667151451111","0.5899999737739563","0.5766666531562805","0.48233330249786377","0.49766668677330017","0.5856666564941406","0.7486667037010193","0.6306666731834412","0.21559999883174896"
"fresh-cosmos-71","MVAEConfig","false","","{'train_set': {'_target_': 'multivae.data.datasets.mhd.MHD', 'datapath': '/home/asenella/scratch/data/MHD', 'split': 'train', 'modalities': ['audio', 'image', 'trajectory']}, 'test_set': {'_target_': 'multivae.data.datasets.mhd.MHD', 'datapath': '/home/asenella/scratch/data/MHD', 'split': 'test', 'modalities': ['audio', 'image', 'trajectory']}}","ywsdvlp2","2.981524231372481","4.160344459945937","5.764616832955648","1.924042579667812","5.994972890660945","3.253284820687871","9.09316635024704","5.464356756721744","4.577485579869844","4.488925099128764","14.690751075744627","0.58381587266922","5.487329959869385","0.8689801692962646","0.3934333324432373","0.6274999976158142","0.3630000054836273","0.38733330368995667","0.4906666576862335","0.31200000643730164","0.3111666738986969","0.289000004529953","0.3283333480358124","0.5639999508857727","0.26133331656455994","0.5831000208854675","0.8413333892822266","0.5533332824707031","0.5989999771118164","0.6923334002494812","0.4830000102519989","0.518666684627533","0.46266666054725647","0.5106666684150696","0.7136666774749756","0.45633336901664734","0.19739998877048492"
"ancient-bird-70","MVAEConfig","false","","{'train_set': {'_target_': 'multivae.data.datasets.mhd.MHD', 'datapath': '/home/asenella/scratch/data/MHD', 'split': 'train', 'modalities': ['audio', 'image', 'trajectory']}, 'test_set': {'_target_': 'multivae.data.datasets.mhd.MHD', 'datapath': '/home/asenella/scratch/data/MHD', 'split': 'test', 'modalities': ['audio', 'image', 'trajectory']}}","zqbpaibo","3.959102487294844","3.570318122334119","3.7088385640587087","2.2750039959993114","5.368974479290172","2.769765153919434","8.385192685233617","4.435705329705433","5.4455066146012525","3.9469931440713","14.715865135192873","0.5825456976890564","5.511484146118164","0.8698999881744385","0.43333330750465393","0.5400000214576721","0.4079999923706054","0.5373333096504211","0.5085000395774841","0.4000000059604645","0.4318333566188812","0.33933332562446594","0.3756666481494904","0.45633330941200256","0.336333304643631","0.6406000256538391","0.7423333525657654","0.6393333077430725","0.7716667056083679","0.7146666646003723","0.6246666312217712","0.6166666150093079","0.5259999632835388","0.5619999766349792","0.6453333497047424","0.5633333325386047","0.2372999936342239"
"restful-wind-68","MoPoEConfig","false","","{'train_set': {'_target_': 'multivae.data.datasets.mhd.MHD', 'datapath': '/home/asenella/scratch/data/MHD', 'split': 'train', 'modalities': ['audio', 'image', 'trajectory']}, 'test_set': {'_target_': 'multivae.data.datasets.mhd.MHD', 'datapath': '/home/asenella/scratch/data/MHD', 'split': 'test', 'modalities': ['audio', 'image', 'trajectory']}}","hc22dusr","9.477942678683991","9.320934132674818","11.104980562581382","9.201999694023216","9.38677636148355","10.7450781639275","10.750220758853704","9.715155437164396","14.405613716310848","10.281171427580755","15.525934219360352","0.5637646913528442","6.727114677429199","0.8414763808250427","0.6657833456993103","0.8083333373069763","0.6001666188240051","0.7694999575614929","0.6676666736602783","0.7695000171661377","0.6229999661445618","0.7010000348091125","0.5806666016578674","0.609833300113678","0.528166651725769","0.8205333352088928","0.9413333535194396","0.6919999718666077","0.8559999465942383","0.8659999966621399","0.9676666259765624","0.862666666507721","0.8619999885559082","0.7216666340827942","0.7833333015441895","0.6526666283607483","0.228999987244606"
"solar-morning-67","MoPoEConfig","false","","{'train_set': {'_target_': 'multivae.data.datasets.mhd.MHD', 'datapath': '/home/asenella/scratch/data/MHD', 'split': 'train', 'modalities': ['audio', 'image', 'trajectory']}, 'test_set': {'_target_': 'multivae.data.datasets.mhd.MHD', 'datapath': '/home/asenella/scratch/data/MHD', 'split': 'test', 'modalities': ['audio', 'image', 'trajectory']}}","vsmpvmd3","9.389620304137654","9.36702073061844","10.563264899289203","9.144746518406762","9.546194324090136","10.482598559467675","10.615107884095488","9.695801051086798","14.413648284545127","10.249667128671112","15.73768711090088","0.5615656971931458","6.885016918182373","0.8303762674331665","0.6477167010307312","0.7536666989326477","0.5718333721160889","0.8033333420753479","0.6318333745002747","0.7634999752044678","0.6181666254997253","0.6991667151451111","0.5516666769981384","0.6271666884422302","0.4568333327770233","0.8022333979606628","0.915333330631256","0.6949999928474426","0.8386666774749756","0.859666645526886","0.9580000042915344","0.8103333115577698","0.8176667094230652","0.7093333601951599","0.7736666798591614","0.6446666717529297","0.2078000009059906"
"devout-smoke-66","MoPoEConfig","false","","{'train_set': {'_target_': 'multivae.data.datasets.mhd.MHD', 'datapath': '/home/asenella/scratch/data/MHD', 'split': 'train', 'modalities': ['audio', 'image', 'trajectory']}, 'test_set': {'_target_': 'multivae.data.datasets.mhd.MHD', 'datapath': '/home/asenella/scratch/data/MHD', 'split': 'test', 'modalities': ['audio', 'image', 'trajectory']}}","85um169e","10.55197332587803","10.290937607936506","11.827700622375534","9.733219676705923","10.420968757463015","11.85241925051104","11.406950220280956","10.387510469359723","15.31980809992443","10.955478846635147","15.754154205322266","0.5616374015808105","6.945327281951904","0.8282992243766785","0.656083345413208","0.7679999470710754","0.5756666660308838","0.7746666073799133","0.6589999794960022","0.7621666789054871","0.6268333196640015","0.6681666374206543","0.5821666717529297","0.6315000057220459","0.512666642665863","0.7953333854675293","0.9089999794960022","0.6789999604225159","0.893000066280365","0.8629999756813049","0.9536666870117188","0.8043333888053894","0.7730000019073486","0.6940000057220459","0.7336666584014893","0.6506666541099548","0.2189999967813492"
"stellar-brook-65","MMVAEConfig","false","","{'train_set': {'_target_': 'multivae.data.datasets.mhd.MHD', 'datapath': '/home/asenella/scratch/data/MHD', 'split': 'train', 'modalities': ['audio', 'image', 'trajectory']}, 'test_set': {'_target_': 'multivae.data.datasets.mhd.MHD', 'datapath': '/home/asenella/scratch/data/MHD', 'split': 'test', 'modalities': ['audio', 'image', 'trajectory']}}","ww647ocu","4.453412700735875","3.581364272787979","5.571783063025707","4.379473746534494","4.225870638966258","4.412621393638421","5.324315094037623","3.6096088582549273","8.874640319253645","4.424101865499723","23.12335205078125","0.5098462104797363","13.740421295166016","0.6601250767707825","0.7086333632469177","0.8296666741371155","0.7021666169166565","0.7608333230018616","0.606333315372467","0.7744999527931213","0.7006666660308838","0.7808334231376648","0.7369999885559082","0.6700000166893005","0.5243333578109741","0.7062999606132507","0.8316666483879089","0.6850000023841858","0.7539999485015869","0.6113333106040955","0.765333354473114","0.6986666321754456","0.7833333015441895","0.7403333187103271","0.6579999923706055","0.5353333353996277","0.33820000290870667"
"rare-yogurt-64","MMVAEConfig","false","","{'train_set': {'_target_': 'multivae.data.datasets.mhd.MHD', 'datapath': '/home/asenella/scratch/data/MHD', 'split': 'train', 'modalities': ['audio', 'image', 'trajectory']}, 'test_set': {'_target_': 'multivae.data.datasets.mhd.MHD', 'datapath': '/home/asenella/scratch/data/MHD', 'split': 'test', 'modalities': ['audio', 'image', 'trajectory']}}","6aadbshf","4.525658582601625","3.6541970903081618","5.609366815192921","4.689484640683069","4.17632394727078","4.355882174374274","5.135821187009228","3.5904788693992304","9.239827802026385","4.3229916875931576","20.868736267089844","0.5203942656517029","14.032979011535645","0.6569809317588806","0.7258499264717102","0.8031666874885559","0.6766666769981384","0.7990000247955322","0.5788333415985107","0.8004999160766602","0.7485000491142273","0.8038333058357239","0.7726666927337646","0.6476666331291199","0.6276666522026062","0.7187666893005371","0.8010000586509705","0.6776666641235352","0.7760000228881836","0.581333339214325","0.793666660785675","0.7263333201408386","0.7990000247955322","0.7643334269523621","0.6303333640098572","0.6380000114440918","0.3639999926090241"
"summer-aardvark-63","MMVAEConfig","false","","{'train_set': {'_target_': 'multivae.data.datasets.mhd.MHD', 'datapath': '/home/asenella/scratch/data/MHD', 'split': 'train', 'modalities': ['audio', 'image', 'trajectory']}, 'test_set': {'_target_': 'multivae.data.datasets.mhd.MHD', 'datapath': '/home/asenella/scratch/data/MHD', 'split': 'test', 'modalities': ['audio', 'image', 'trajectory']}}","3mybcpb5","4.001992491351849","3.384742502504556","5.224843308060549","4.005649284634087","4.266293712584232","3.8626269163456937","5.3143081051562975","3.3348887942422247","8.529893308267503","4.294083884168482","22.072847366333008","0.5144295692443848","13.899977684020996","0.6644243597984314","0.7163500189781189","0.8711667060852051","0.703499972820282","0.7836666703224182","0.5291666388511658","0.7841666340827942","0.7446666359901428","0.7929999828338623","0.747499942779541","0.6574999690055847","0.5491666793823242","0.7114999890327454","0.8570000529289246","0.6889999508857727","0.7750000357627869","0.5176666378974915","0.7899999618530273","0.7553333640098572","0.7770000100135803","0.7523333430290222","0.6603333353996277","0.5413333773612976","0.3416000008583069"
"morning-plasma-62","MoPoEConfig","false","","{'train_set': {'_target_': 'multivae.data.datasets.mhd.MHD', 'datapath': '/home/asenella/scratch/data/MHD', 'split': 'train', 'modalities': ['audio', 'image', 'trajectory']}, 'test_set': {'_target_': 'multivae.data.datasets.mhd.MHD', 'datapath': '/home/asenella/scratch/data/MHD', 'split': 'test', 'modalities': ['audio', 'image', 'trajectory']}}","scv23aeq","9.48042345943449","9.43770129693951","11.235789177050776","9.36406203516992","9.634272621820172","10.720270989319808","10.935811256454125","10.149017724745171","14.14057314544095","9.908771557050985","15.397116661071776","0.5674176216125488","6.790270805358887","0.8400981426239014","0.6604333519935608","0.7874999642372131","0.577000081539154","0.824833333492279","0.6323333382606506","0.734333336353302","0.559499979019165","0.6738333702087402","0.5649999976158142","0.7140000462532043","0.5360000133514404","0.8201667666435242","0.9620000720024108","0.687333345413208","0.8813333511352539","0.8440000414848328","0.9620000720024108","0.8216666579246521","0.8253333568572998","0.7226666808128357","0.8406665921211243","0.6546666622161865","0.22339999675750732"
"fearless-gorge-50","MMVAEPlusConfig","false","true","{'train_set': {'_target_': 'multivae.data.datasets.mhd.MHD', 'datapath': '/home/asenella/scratch/data/MHD', 'split': 'train', 'modalities': ['audio', 'image', 'trajectory'], 'missing_probabilities': {'image': [0.0, 0.0, 0.0, 0.0, 0.0, 0.0, 0.0, 0.0, 0.0, 0.0], 'audio': [0.1, 0.17777778, 0.25555556, 0.33333333, 0.41111111, 0.48888889, 0.56666667, 0.64444444, 0.72222222, 0.8], 'trajectory': [0.3, 0.31111111, 0.32222222, 0.33333333, 0.34444444, 0.35555556, 0.36666667, 0.37777778, 0.38888889, 0.4]}, 'keep_incomplete': '${keep_incomplete}'}, 'test_set': {'_target_': 'multivae.data.datasets.mhd.MHD', 'datapath': '/home/asenella/scratch/data/MHD', 'split': 'test', 'modalities': ['audio', 'image', 'trajectory']}}","6ffqn14p","4.264814936051419","3.9743809770663687","5.801928589220819","4.29155640961671","4.486650368530679","4.6328446291229115","5.917808552775021","5.171304876970672","10.516358835327935","5.97486832942628","24.0512638092041","0.5003442168235779","11.821345329284668","0.7006863951683044","0.5788166522979736","0.7623333930969238","0.6128333210945129","0.750166654586792","0.5200000405311584","0.702666699886322","0.5878333449363708","0.6231666207313538","0.49683332443237305","0.4059999883174896","0.32633334398269653","0.5641667246818542","0.7423333525657654","0.5966666340827942","0.7226666808128357","0.5049999356269836","0.6953333020210266","0.565666675567627","0.612666666507721","0.4846666753292084","0.3973333537578583","0.3193333148956299","0.14890000224113464"
"ancient-wood-47","MMVAEPlusConfig","false","true","{'train_set': {'_target_': 'multivae.data.datasets.mhd.MHD', 'datapath': '/home/asenella/scratch/data/MHD', 'split': 'train', 'modalities': ['audio', 'image', 'trajectory'], 'missing_probabilities': {'image': [0.0, 0.0, 0.0, 0.0, 0.0, 0.0, 0.0, 0.0, 0.0, 0.0], 'audio': [0.1, 0.17777778, 0.25555556, 0.33333333, 0.41111111, 0.48888889, 0.56666667, 0.64444444, 0.72222222, 0.8], 'trajectory': [0.3, 0.31111111, 0.32222222, 0.33333333, 0.34444444, 0.35555556, 0.36666667, 0.37777778, 0.38888889, 0.4]}, 'keep_incomplete': '${keep_incomplete}'}, 'test_set': {'_target_': 'multivae.data.datasets.mhd.MHD', 'datapath': '/home/asenella/scratch/data/MHD', 'split': 'test', 'modalities': ['audio', 'image', 'trajectory']}}","vr077agk","4.029294346524558","3.6838847069869183","5.661098879335348","4.110612148737712","3.9832052199854737","4.5185362101770234","5.858748529903709","5.163573526610929","10.379127297201652","6.311521455580764","21.38512802124023","0.5128616690635681","11.525127410888672","0.7198861241340637","0.6045833230018616","0.7848333716392517","0.6316666603088379","0.7625000476837158","0.5668333172798157","0.7428333759307861","0.6210000514984131","0.6359999775886536","0.5108333230018616","0.4216666519641876","0.36766669154167175","0.5937666893005371","0.7839999794960022","0.6273333430290222","0.7413333058357239","0.5536666512489319","0.7396667003631592","0.6050000190734863","0.6259999871253967","0.5043333172798157","0.4176666736602783","0.3386666774749756","0.17569999396800995"
"eager-galaxy-49","MMVAEPlusConfig","false","true","{'train_set': {'_target_': 'multivae.data.datasets.mhd.MHD', 'datapath': '/home/asenella/scratch/data/MHD', 'split': 'train', 'modalities': ['audio', 'image', 'trajectory'], 'missing_probabilities': {'image': [0.0, 0.0, 0.0, 0.0, 0.0, 0.0, 0.0, 0.0, 0.0, 0.0], 'audio': [0.1, 0.17777778, 0.25555556, 0.33333333, 0.41111111, 0.48888889, 0.56666667, 0.64444444, 0.72222222, 0.8], 'trajectory': [0.3, 0.31111111, 0.32222222, 0.33333333, 0.34444444, 0.35555556, 0.36666667, 0.37777778, 0.38888889, 0.4]}, 'keep_incomplete': '${keep_incomplete}'}, 'test_set': {'_target_': 'multivae.data.datasets.mhd.MHD', 'datapath': '/home/asenella/scratch/data/MHD', 'split': 'test', 'modalities': ['audio', 'image', 'trajectory']}}","koads14c","4.1066970869536465","3.719072961139112","5.355492150732284","4.03918226329794","3.821030879365603","4.427349413837951","5.753615059397587","4.481239865041776","10.338090226550108","5.8553608916795525","21.071367263793945","0.5161439776420593","10.940556526184082","0.7298603653907776","0.6164833307266235","0.7891666889190674","0.628333330154419","0.7774999737739563","0.5826666355133057","0.7320000529289246","0.6426666975021362","0.6621666550636292","0.5516666769981384","0.44983336329460144","0.3488333225250244","0.6061000227928162","0.7770000100135803","0.6263332962989807","0.7590000033378601","0.581333339214325","0.7186666131019592","0.6313333511352539","0.6459999680519104","0.5539999604225159","0.43333330750465393","0.33399999141693115","0.19029998779296875"
"electric-smoke-47","MMVAEPlusConfig","false","true","{'train_set': {'_target_': 'multivae.data.datasets.mhd.MHD', 'datapath': '/home/asenella/scratch/data/MHD', 'split': 'train', 'modalities': ['audio', 'image', 'trajectory'], 'missing_probabilities': {'image': [0.0, 0.0, 0.0, 0.0, 0.0, 0.0, 0.0, 0.0, 0.0, 0.0], 'audio': [0.1, 0.17777778, 0.25555556, 0.33333333, 0.41111111, 0.48888889, 0.56666667, 0.64444444, 0.72222222, 0.8], 'trajectory': [0.3, 0.31111111, 0.32222222, 0.33333333, 0.34444444, 0.35555556, 0.36666667, 0.37777778, 0.38888889, 0.4]}, 'keep_incomplete': '${keep_incomplete}'}, 'test_set': {'_target_': 'multivae.data.datasets.mhd.MHD', 'datapath': '/home/asenella/scratch/data/MHD', 'split': 'test', 'modalities': ['audio', 'image', 'trajectory']}}","c2voeh2x","3.907058452542948","3.5317945212770274","5.648756555690213","3.856763201899348","3.950500026852461","4.25934276480439","5.485382075854714","4.914934010731054","9.996508425719338","5.720922700096594","21.192453384399418","0.5166820287704468","11.236927032470703","0.7240689396858215","0.6342666149139404","0.8363333344459534","0.6388333439826965","0.7494999766349792","0.609666645526886","0.7518333792686462","0.7006667256355286","0.731166660785675","0.5261666774749756","0.43033334612846375","0.3681666553020478","0.6228333115577698","0.8246666789054871","0.6296666264533997","0.7203333377838135","0.6003333926200867","0.7556666731834412","0.6859999299049377","0.7246666550636292","0.5289999842643738","0.4116666316986084","0.3463333547115326","0.20899999141693115"
"hardy-yogurt-46","MMVAEConfig","false","","{'train_set': {'_target_': 'multivae.data.datasets.mhd.MHD', 'datapath': '/home/asenella/scratch/data/MHD', 'split': 'train', 'modalities': ['audio', 'image', 'trajectory'], 'missing_probabilities': {'image': [0.0, 0.0, 0.0, 0.0, 0.0, 0.0, 0.0, 0.0, 0.0, 0.0], 'audio': [0.1, 0.17777778, 0.25555556, 0.33333333, 0.41111111, 0.48888889, 0.56666667, 0.64444444, 0.72222222, 0.8], 'trajectory': [0.3, 0.31111111, 0.32222222, 0.33333333, 0.34444444, 0.35555556, 0.36666667, 0.37777778, 0.38888889, 0.4]}, 'keep_incomplete': '${keep_incomplete}'}, 'test_set': {'_target_': 'multivae.data.datasets.mhd.MHD', 'datapath': '/home/asenella/scratch/data/MHD', 'split': 'test', 'modalities': ['audio', 'image', 'trajectory']}}","2r45e9ao","4.899841784901148","4.124476270291511","6.244262606464913","5.124232130910505","4.910788585970304","5.132216077806671","6.764801459473261","5.441968412026966","11.530926557820006","6.6315826748261815","23.308454513549805","0.5023587346076965","16.594669342041016","0.5967338681221008","0.559249997138977","0.7828333377838135","0.6086666584014893","0.7283332943916321","0.4606666564941406","0.684666633605957","0.5899999737739563","0.6336666941642761","0.4600000083446502","0.364166647195816","0.27949997782707214","0.5516666769981384","0.7746666073799133","0.6069999933242798","0.7199999690055847","0.45900002121925354","0.6809999942779541","0.5756666660308838","0.6150000095367432","0.4703333377838135","0.3473333418369293","0.2666666805744171","0.2313999980688095"
"ethereal-surf-45","MMVAEConfig","false","","{'train_set': {'_target_': 'multivae.data.datasets.mhd.MHD', 'datapath': '/home/asenella/scratch/data/MHD', 'split': 'train', 'modalities': ['audio', 'image', 'trajectory'], 'missing_probabilities': {'image': [0.0, 0.0, 0.0, 0.0, 0.0, 0.0, 0.0, 0.0, 0.0, 0.0], 'audio': [0.1, 0.17777778, 0.25555556, 0.33333333, 0.41111111, 0.48888889, 0.56666667, 0.64444444, 0.72222222, 0.8], 'trajectory': [0.3, 0.31111111, 0.32222222, 0.33333333, 0.34444444, 0.35555556, 0.36666667, 0.37777778, 0.38888889, 0.4]}, 'keep_incomplete': '${keep_incomplete}'}, 'test_set': {'_target_': 'multivae.data.datasets.mhd.MHD', 'datapath': '/home/asenella/scratch/data/MHD', 'split': 'test', 'modalities': ['audio', 'image', 'trajectory']}}","zhvag61u","4.651956009041794","3.9835191269453794","6.5036826483965235","5.139382150417129","5.176449586231784","4.976800141388288","6.576462216179896","5.646396830022117","12.21319570751152","6.47976880261937","24.50531005859375","0.4976032674312592","16.736759185791016","0.5894283652305603","0.5417166352272034","0.7615000605583191","0.5861666798591614","0.762333333492279","0.47616663575172424","0.6346666812896729","0.5368333458900452","0.6001666188240051","0.44616666436195374","0.3319999873638153","0.281166672706604","0.532800018787384","0.7560000419616699","0.5786666870117188","0.750666618347168","0.4736666679382324","0.621666669845581","0.5443333387374878","0.5910000205039978","0.4179999828338623","0.3310000002384186","0.2630000114440918","0.2084999978542328"
"glowing-plasma-44","MMVAEConfig","false","","{'train_set': {'_target_': 'multivae.data.datasets.mhd.MHD', 'datapath': '/home/asenella/scratch/data/MHD', 'split': 'train', 'modalities': ['audio', 'image', 'trajectory'], 'missing_probabilities': {'image': [0.0, 0.0, 0.0, 0.0, 0.0, 0.0, 0.0, 0.0, 0.0, 0.0], 'audio': [0.1, 0.17777778, 0.25555556, 0.33333333, 0.41111111, 0.48888889, 0.56666667, 0.64444444, 0.72222222, 0.8], 'trajectory': [0.3, 0.31111111, 0.32222222, 0.33333333, 0.34444444, 0.35555556, 0.36666667, 0.37777778, 0.38888889, 0.4]}, 'keep_incomplete': '${keep_incomplete}'}, 'test_set': {'_target_': 'multivae.data.datasets.mhd.MHD', 'datapath': '/home/asenella/scratch/data/MHD', 'split': 'test', 'modalities': ['audio', 'image', 'trajectory']}}","m9zhdvjp","4.516649535373562","3.849918068119049","6.347877367851015","5.496719096904008","5.223530639163648","5.036179145914295","6.553140060474884","5.51088109670005","11.278263352277175","6.708316307108001","22.713153839111328","0.5021611452102661","16.295909881591797","0.5994225144386292","0.5432167053222656","0.7774999737739563","0.6423332691192627","0.7590000033378601","0.42616668343544006","0.6453333497047424","0.49799999594688416","0.593833327293396","0.4523333609104157","0.3695000112056732","0.2681666612625122","0.5351333618164062","0.7736666798591614","0.6393333077430725","0.7433333396911621","0.4109999835491181","0.6493332982063293","0.4780000150203705","0.6003332734107971","0.4560000002384186","0.3503333330154419","0.25","0.21079999208450317"
"dazzling-plant-35","MMVAEConfig","false","","{'train_set': {'_target_': 'multivae.data.datasets.mhd.MHD', 'datapath': '/home/asenella/scratch/data/MHD', 'split': 'train', 'modalities': ['audio', 'image', 'trajectory'], 'missing_probabilities': {'image': [0.0, 0.0, 0.0, 0.0, 0.0, 0.0, 0.0, 0.0, 0.0, 0.0], 'audio': [0.1, 0.17777778, 0.25555556, 0.33333333, 0.41111111, 0.48888889, 0.56666667, 0.64444444, 0.72222222, 0.8], 'trajectory': [0.3, 0.31111111, 0.32222222, 0.33333333, 0.34444444, 0.35555556, 0.36666667, 0.37777778, 0.38888889, 0.4]}, 'keep_incomplete': '${keep_incomplete}'}, 'test_set': {'_target_': 'multivae.data.datasets.mhd.MHD', 'datapath': '/home/asenella/scratch/data/MHD', 'split': 'test', 'modalities': ['audio', 'image', 'trajectory']}}","yf8ajlfs","4.527903608103938","3.977313787505115","6.272566244203921","4.8419124937810505","4.6537429932311705","4.793306713459675","6.187506354290142","5.145986506853973","12.1270178804586","5.926323622223561","23.071943283081055","0.5069064497947693","16.551820755004883","0.602147102355957","0.5811999440193176","0.7923333644866943","0.6315000057220459","0.7456666827201843","0.4391666650772095","0.7049999833106995","0.6319999694824219","0.6826667189598083","0.5120000243186951","0.3434999883174896","0.3281666338443756","0.5692999958992004","0.7763333320617676","0.6370000243186951","0.7263333797454834","0.4160000085830689","0.6933333277702332","0.625333309173584","0.6683332920074463","0.4973333179950714","0.33266666531562805","0.320333331823349","0.2514999806880951"
"whole-bush-32","MVAEConfig","false","","{'train_set': {'_target_': 'multivae.data.datasets.mhd.MHD', 'datapath': '/home/asenella/scratch/data/MHD', 'split': 'train', 'modalities': ['audio', 'image', 'trajectory'], 'missing_probabilities': {'image': [0.0, 0.0, 0.0, 0.0, 0.0, 0.0, 0.0, 0.0, 0.0, 0.0], 'audio': [0.1, 0.17777778, 0.25555556, 0.33333333, 0.41111111, 0.48888889, 0.56666667, 0.64444444, 0.72222222, 0.8], 'trajectory': [0.3, 0.31111111, 0.32222222, 0.33333333, 0.34444444, 0.35555556, 0.36666667, 0.37777778, 0.38888889, 0.4]}, 'keep_incomplete': '${keep_incomplete}'}, 'test_set': {'_target_': 'multivae.data.datasets.mhd.MHD', 'datapath': '/home/asenella/scratch/data/MHD', 'split': 'test', 'modalities': ['audio', 'image', 'trajectory']}}","u2huikvz","4.905277293609929","3.8550394814745097","5.939985652898307","2.926169262870351","6.203143697171862","3.51798787372766","7.944111571642933","8.00587989368089","8.2948383706281","5.643362826499229","15.134257316589355","0.5726613402366638","6.962177753448486","0.8363907337188721","0.3194666802883148","0.48749998211860657","0.4034999907016754","0.4526666700839996","0.40950000286102295","0.2981666624546051","0.2848333418369293","0.3096666634082794","0.19066666066646576","0.23716668784618375","0.12099999189376832","0.5005332827568054","0.6749999523162842","0.6113333702087402","0.6450000405311584","0.6116666793823242","0.5056666731834412","0.4733333289623261","0.5096666812896729","0.34566667675971985","0.4169999659061432","0.2110000103712082","0.1688999980688095"
"pleasant-fire-30","MVAEConfig","false","","{'train_set': {'_target_': 'multivae.data.datasets.mhd.MHD', 'datapath': '/home/asenella/scratch/data/MHD', 'split': 'train', 'modalities': ['audio', 'image', 'trajectory'], 'missing_probabilities': {'image': [0.0, 0.0, 0.0, 0.0, 0.0, 0.0, 0.0, 0.0, 0.0, 0.0], 'audio': [0.1, 0.17777778, 0.25555556, 0.33333333, 0.41111111, 0.48888889, 0.56666667, 0.64444444, 0.72222222, 0.8], 'trajectory': [0.3, 0.31111111, 0.32222222, 0.33333333, 0.34444444, 0.35555556, 0.36666667, 0.37777778, 0.38888889, 0.4]}, 'keep_incomplete': '${keep_incomplete}'}, 'test_set': {'_target_': 'multivae.data.datasets.mhd.MHD', 'datapath': '/home/asenella/scratch/data/MHD', 'split': 'test', 'modalities': ['audio', 'image', 'trajectory']}}","lrniyind","3.065224954780472","3.131065137610692","5.167001074871248","3.4309232941269543","5.887913993009894","3.44525098219485","7.340852928479757","6.307274003925728","7.911889418325901","6.154345808576235","15.156448364257812","0.5743429064750671","6.988370895385742","0.8378283381462097","0.3709000051021576","0.6444999575614929","0.4948333501815796","0.47200000286102295","0.4370000064373016","0.3551666736602783","0.3109999895095825","0.3634999990463257","0.23599998652935028","0.27816668152809143","0.11683333665132524","0.5655999779701233","0.8253333568572998","0.7113332748413086","0.6960000395774841","0.6343333721160889","0.5610000491142273","0.5053333640098572","0.5759999752044678","0.41999998688697815","0.49766668677330017","0.2290000170469284","0.2255999892950058"
"helpful-valley-30","MVAEConfig","false","","{'train_set': {'_target_': 'multivae.data.datasets.mhd.MHD', 'datapath': '/home/asenella/scratch/data/MHD', 'split': 'train', 'modalities': ['audio', 'image', 'trajectory'], 'missing_probabilities': {'image': [0.0, 0.0, 0.0, 0.0, 0.0, 0.0, 0.0, 0.0, 0.0, 0.0], 'audio': [0.1, 0.17777778, 0.25555556, 0.33333333, 0.41111111, 0.48888889, 0.56666667, 0.64444444, 0.72222222, 0.8], 'trajectory': [0.3, 0.31111111, 0.32222222, 0.33333333, 0.34444444, 0.35555556, 0.36666667, 0.37777778, 0.38888889, 0.4]}, 'keep_incomplete': '${keep_incomplete}'}, 'test_set': {'_target_': 'multivae.data.datasets.mhd.MHD', 'datapath': '/home/asenella/scratch/data/MHD', 'split': 'test', 'modalities': ['audio', 'image', 'trajectory']}}","gwjq7np7","3.4057954132165023","3.162342533514003","5.190104853356151","2.304154173750109","3.661429040637024","3.2092715123227755","5.454087122127198","6.088638581260362","8.033742984538243","6.576005520549319","15.090591430664062","0.5757450461387634","7.015566349029541","0.8335343599319458","0.42301666736602783","0.5978333353996277","0.4964999854564667","0.5226666927337646","0.5074999928474426","0.5003333687782288","0.37800002098083496","0.48766669631004333","0.27533331513404846","0.33000001311302185","0.13433332741260529","0.6072999835014343","0.7673333287239075","0.6909999847412109","0.7186666131019592","0.7103333473205566","0.7123333811759949","0.5946666598320007","0.6559999585151672","0.4633333384990692","0.5286666750907898","0.23066668212413788","0.23339998722076416"
"genial-surf-29","MVAEConfig","false","","{'train_set': {'_target_': 'multivae.data.datasets.mhd.MHD', 'datapath': '/home/asenella/scratch/data/MHD', 'split': 'train', 'modalities': ['audio', 'image', 'trajectory'], 'missing_probabilities': {'image': [0.0, 0.0, 0.0, 0.0, 0.0, 0.0, 0.0, 0.0, 0.0, 0.0], 'audio': [0.1, 0.17777778, 0.25555556, 0.33333333, 0.41111111, 0.48888889, 0.56666667, 0.64444444, 0.72222222, 0.8], 'trajectory': [0.3, 0.31111111, 0.32222222, 0.33333333, 0.34444444, 0.35555556, 0.36666667, 0.37777778, 0.38888889, 0.4]}, 'keep_incomplete': '${keep_incomplete}'}, 'test_set': {'_target_': 'multivae.data.datasets.mhd.MHD', 'datapath': '/home/asenella/scratch/data/MHD', 'split': 'test', 'modalities': ['audio', 'image', 'trajectory']}}","f3tw77am","3.3446977732626317","2.911574629806155","4.385942924412206","2.5942729810794214","4.778161356043395","2.9619576802114493","6.38738447990292","7.008658290913276","7.178458863720311","5.805406660742816","15.057003021240234","0.5746756196022034","6.8323469161987305","0.8430255651473999","0.40408334136009216","0.6636666655540466","0.4868333339691162","0.4818333387374878","0.4749999940395355","0.4268333613872528","0.3843333423137665","0.36016666889190674","0.3073333203792572","0.2916666567325592","0.16316665709018707","0.6068665981292725","0.8186666965484619","0.7010000348091125","0.7010000348091125","0.6603333353996277","0.6730000376701355","0.5946666598320007","0.5756666660308838","0.5356667041778564","0.5066666603088379","0.3019999861717224","0.2386999875307083"
"vibrant-sunset-27","MoPoEConfig","false","","{'train_set': {'_target_': 'multivae.data.datasets.mhd.MHD', 'datapath': '/home/asenella/scratch/data/MHD', 'split': 'train', 'modalities': ['audio', 'image', 'trajectory'], 'missing_probabilities': {'image': [0.0, 0.0, 0.0, 0.0, 0.0, 0.0, 0.0, 0.0, 0.0, 0.0], 'audio': [0.1, 0.17777778, 0.25555556, 0.33333333, 0.41111111, 0.48888889, 0.56666667, 0.64444444, 0.72222222, 0.8], 'trajectory': [0.3, 0.31111111, 0.32222222, 0.33333333, 0.34444444, 0.35555556, 0.36666667, 0.37777778, 0.38888889, 0.4]}, 'keep_incomplete': '${keep_incomplete}'}, 'test_set': {'_target_': 'multivae.data.datasets.mhd.MHD', 'datapath': '/home/asenella/scratch/data/MHD', 'split': 'test', 'modalities': ['audio', 'image', 'trajectory']}}","owt24ul1","6.493712810188599","5.9382006879486315","7.898697003908101","6.7805828906232035","5.9647401159900175","7.352223660230845","7.010526294804786","6.165975478356296","10.551655878640815","7.507058099221632","15.36762809753418","0.5715670585632324","7.38744592666626","0.8283615112304688","0.7247666716575623","0.8598334193229675","0.7581666111946106","0.8656666874885559","0.750499963760376","0.8003333210945129","0.6973333358764648","0.811833381652832","0.6199999451637268","0.6679999828338623","0.41599997878074646","0.8824666142463684","0.9803333282470704","0.878333330154419","0.9576666355133056","0.9276666641235352","0.9796667098999025","0.8993332982063293","0.9583333134651184","0.800000011920929","0.8223333358764648","0.6209999918937683","0.3978999853134155"
"worldly-surf-26","MoPoEConfig","false","","{'train_set': {'_target_': 'multivae.data.datasets.mhd.MHD', 'datapath': '/home/asenella/scratch/data/MHD', 'split': 'train', 'modalities': ['audio', 'image', 'trajectory'], 'missing_probabilities': {'image': [0.0, 0.0, 0.0, 0.0, 0.0, 0.0, 0.0, 0.0, 0.0, 0.0], 'audio': [0.1, 0.17777778, 0.25555556, 0.33333333, 0.41111111, 0.48888889, 0.56666667, 0.64444444, 0.72222222, 0.8], 'trajectory': [0.3, 0.31111111, 0.32222222, 0.33333333, 0.34444444, 0.35555556, 0.36666667, 0.37777778, 0.38888889, 0.4]}, 'keep_incomplete': '${keep_incomplete}'}, 'test_set': {'_target_': 'multivae.data.datasets.mhd.MHD', 'datapath': '/home/asenella/scratch/data/MHD', 'split': 'test', 'modalities': ['audio', 'image', 'trajectory']}}","xrbvvit1","5.636465130740788","5.80037072735739","7.598149327697223","6.37680636355288","6.0680752102158255","6.516884001230774","6.562659376825014","5.817038035030088","10.42226838926124","6.52036151257385","15.510431289672852","0.5682547092437744","7.295543670654297","0.8299855589866638","0.7242333292961121","0.8529999852180481","0.7294999957084656","0.856833279132843","0.7988333702087402","0.796833336353302","0.7308333516120911","0.812833309173584","0.59416663646698","0.6344999670982361","0.4349999725818634","0.884566605091095","0.9839999675750732","0.8733333945274353","0.9576666355133056","0.9539999961853028","0.9603333473205566","0.9120000004768372","0.9476666450500488","0.7803333401679993","0.8366666436195374","0.6396666765213013","0.40070000290870667"
"vibrant-snow-25","MoPoEConfig","false","","{'train_set': {'_target_': 'multivae.data.datasets.mhd.MHD', 'datapath': '/home/asenella/scratch/data/MHD', 'split': 'train', 'modalities': ['audio', 'image', 'trajectory'], 'missing_probabilities': {'image': [0.0, 0.0, 0.0, 0.0, 0.0, 0.0, 0.0, 0.0, 0.0, 0.0], 'audio': [0.1, 0.17777778, 0.25555556, 0.33333333, 0.41111111, 0.48888889, 0.56666667, 0.64444444, 0.72222222, 0.8], 'trajectory': [0.3, 0.31111111, 0.32222222, 0.33333333, 0.34444444, 0.35555556, 0.36666667, 0.37777778, 0.38888889, 0.4]}, 'keep_incomplete': '${keep_incomplete}'}, 'test_set': {'_target_': 'multivae.data.datasets.mhd.MHD', 'datapath': '/home/asenella/scratch/data/MHD', 'split': 'test', 'modalities': ['audio', 'image', 'trajectory']}}","dio77cy6","6.049999612614467","5.95389882972411","7.831927480786111","6.684802302068073","6.254505313712136","7.111764576417691","6.9539277779760384","6.002751182644868","10.859167620979104","6.637569802467391","15.485407829284668","0.5701373219490051","7.4445414543151855","0.827692985534668","0.7202332615852356","0.8684999942779541","0.7486667037010193","0.8701665997505188","0.7385000586509705","0.7834999561309814","0.7213333249092102","0.7921667098999023","0.5924999713897705","0.6571666598320007","0.429833322763443","0.8812333941459656","0.978333294391632","0.890999972820282","0.9570000171661376","0.9240000247955322","0.9679999947547911","0.9056666493415833","0.9396666884422302","0.8119999766349792","0.815666675567627","0.6209999918937683","0.40139999985694885"
"snowy-jazz-21","MVTCAEConfig","false","","{'train_set': {'_target_': 'multivae.data.datasets.mhd.MHD', 'datapath': '/home/asenella/scratch/data/MHD', 'split': 'train', 'modalities': ['audio', 'image', 'trajectory'], 'missing_probabilities': {'image': [0.0, 0.0, 0.0, 0.0, 0.0, 0.0, 0.0, 0.0, 0.0, 0.0], 'audio': [0.1, 0.17777778, 0.25555556, 0.33333333, 0.41111111, 0.48888889, 0.56666667, 0.64444444, 0.72222222, 0.8], 'trajectory': [0.3, 0.31111111, 0.32222222, 0.33333333, 0.34444444, 0.35555556, 0.36666667, 0.37777778, 0.38888889, 0.4]}, 'keep_incomplete': '${keep_incomplete}'}, 'test_set': {'_target_': 'multivae.data.datasets.mhd.MHD', 'datapath': '/home/asenella/scratch/data/MHD', 'split': 'test', 'modalities': ['audio', 'image', 'trajectory']}}","7o4vj8gj","1.1438517225813618","1.218794812240647","1.71427035919154","0.9565694862486344","1.6956963127247071","1.1515447949043751","2.365445958650344","2.152795392466958","4.454435398148344","2.2031112013060223","15.577213287353516","0.5685104727745056","7.589550495147705","0.8199606537818909","0.668999969959259","0.8363333344459534","0.7114999890327454","0.7928333282470703","0.746666669845581","0.734666645526886","0.6511666774749756","0.6863333582878113","0.5286666750907898","0.5704999566078186","0.4313333034515381","0.8601000308990479","0.9716666340827942","0.8613333106040955","0.9463334083557128","0.9059999585151672","0.9333333373069764","0.8556666374206543","0.9006666541099548","0.793999969959259","0.8063333630561829","0.6256666779518127","0.24609999358654025"
"cosmic-paper-18","MVTCAEConfig","false","","{'train_set': {'_target_': 'multivae.data.datasets.mhd.MHD', 'datapath': '/home/asenella/scratch/data/MHD', 'split': 'train', 'modalities': ['audio', 'image', 'trajectory'], 'missing_probabilities': {'image': [0.0, 0.0, 0.0, 0.0, 0.0, 0.0, 0.0, 0.0, 0.0, 0.0], 'audio': [0.1, 0.17777778, 0.25555556, 0.33333333, 0.41111111, 0.48888889, 0.56666667, 0.64444444, 0.72222222, 0.8], 'trajectory': [0.3, 0.31111111, 0.32222222, 0.33333333, 0.34444444, 0.35555556, 0.36666667, 0.37777778, 0.38888889, 0.4]}, 'keep_incomplete': '${keep_incomplete}'}, 'test_set': {'_target_': 'multivae.data.datasets.mhd.MHD', 'datapath': '/home/asenella/scratch/data/MHD', 'split': 'test', 'modalities': ['audio', 'image', 'trajectory']}}","p2n3wy0m","1.045215298872514","0.8719417105904805","1.416509859272585","1.1741053411311042","1.4834638576190764","1.144645097145669","2.051363003021823","2.1401206968548765","3.5156184238633443","2.137797358468077","15.201274871826172","0.5734448432922363","7.457929611206055","0.8254236578941345","0.6685667037963867","0.8429999947547913","0.7386667132377625","0.7844999432563782","0.671833336353302","0.7438333034515381","0.637499988079071","0.731333315372467","0.5346666574478149","0.5789999961853027","0.4213333427906037","0.8603666424751282","0.9673333168029784","0.878333330154419","0.9200000166893004","0.8963333964347839","0.946333348751068","0.8683333396911621","0.9046666622161864","0.796999990940094","0.7933333516120911","0.6320000290870667","0.2483000010251999"
"desert-snowball-18","MVTCAEConfig","false","","{'train_set': {'_target_': 'multivae.data.datasets.mhd.MHD', 'datapath': '/home/asenella/scratch/data/MHD', 'split': 'train', 'modalities': ['audio', 'image', 'trajectory'], 'missing_probabilities': {'image': [0.0, 0.0, 0.0, 0.0, 0.0, 0.0, 0.0, 0.0, 0.0, 0.0], 'audio': [0.1, 0.17777778, 0.25555556, 0.33333333, 0.41111111, 0.48888889, 0.56666667, 0.64444444, 0.72222222, 0.8], 'trajectory': [0.3, 0.31111111, 0.32222222, 0.33333333, 0.34444444, 0.35555556, 0.36666667, 0.37777778, 0.38888889, 0.4]}, 'keep_incomplete': '${keep_incomplete}'}, 'test_set': {'_target_': 'multivae.data.datasets.mhd.MHD', 'datapath': '/home/asenella/scratch/data/MHD', 'split': 'test', 'modalities': ['audio', 'image', 'trajectory']}}","65czaxvc","1.13561620334672","1.3121626526964267","1.5459759958046504","0.9382586077761365","1.3480758347573756","1.268760389370004","2.679420863330835","1.6951929222414523","3.5170599385899104","2.3397576114612906","15.587082862854004","0.5699309706687927","7.530398845672607","0.8152009844779968","0.6626499891281128","0.8125","0.6834999918937683","0.7725000381469727","0.7409999966621399","0.7698333263397217","0.6591666340827942","0.6591666340827942","0.5648333430290222","0.5644999742507935","0.3995000123977661","0.8564665913581848","0.9613332748413086","0.8696666359901428","0.93066668510437","0.8943333625793457","0.9456666111946106","0.890333354473114","0.8776666522026062","0.8036666512489319","0.7856666445732117","0.6056666970252991","0.24849998950958252"
"amber-shape-18","MVTCAEConfig","false","","{'train_set': {'_target_': 'multivae.data.datasets.mhd.MHD', 'datapath': '/home/asenella/scratch/data/MHD', 'split': 'train', 'modalities': ['audio', 'image', 'trajectory'], 'missing_probabilities': {'image': [0.0, 0.0, 0.0, 0.0, 0.0, 0.0, 0.0, 0.0, 0.0, 0.0], 'audio': [0.1, 0.17777778, 0.25555556, 0.33333333, 0.41111111, 0.48888889, 0.56666667, 0.64444444, 0.72222222, 0.8], 'trajectory': [0.3, 0.31111111, 0.32222222, 0.33333333, 0.34444444, 0.35555556, 0.36666667, 0.37777778, 0.38888889, 0.4]}, 'keep_incomplete': '${keep_incomplete}'}, 'test_set': {'_target_': 'multivae.data.datasets.mhd.MHD', 'datapath': '/home/asenella/scratch/data/MHD', 'split': 'test', 'modalities': ['audio', 'image', 'trajectory']}}","24qpnuqu","1.0032383544500096","1.4206393882044397","1.7328427621314584","1.149019386968399","1.5874101799378768","1.2821664055358553","2.2806221581934585","2.675912080337836","3.869418784148651","2.5755219024177305","15.66762638092041","0.5734259486198425","7.484202861785889","0.8186756372451782","0.6624333262443542","0.8434999585151672","0.6673333048820496","0.768166720867157","0.7088332772254944","0.7396666407585144","0.6471666693687439","0.73416668176651","0.5143333077430725","0.5906667113304138","0.41050001978874207","0.8544333577156067","0.9643332958221436","0.8263333439826965","0.9230000376701356","0.8980000019073486","0.9423332810401917","0.8543334007263184","0.9016666412353516","0.7813333868980408","0.8193333148956299","0.6336666941642761","0.24719999730587008"